AN1|AN2|Score
My1nYXRzdSBubyBMaW9u|RG91a3lvbmluIHdhIEhpemEsIFRva2lkb2tpLCBBdGFtYSBubyBVZS4=|1
My1nYXRzdSBubyBMaW9u|VmVyc2FpbGxlcyBubyBCYXJh|1
My1nYXRzdSBubyBMaW9u|U3VtbWVyIFdhcnM=|1
My1nYXRzdSBubyBMaW9u|My1nYXRzdSBubyBMaW9uIDJuZCBTZWFzb24=|2
My1nYXRzdSBubyBMaW9u|UGluZyBQb25nIHRoZSBBbmltYXRpb24=|2
My1nYXRzdSBubyBMaW9u|TkhLIG5pIFlvdWtvc28h|1
My1nYXRzdSBubyBMaW9u|SXJvenVrdSBTZWthaSBubyBBc2hpdGEga2FyYQ==|1
My1nYXRzdSBubyBMaW9u|TmF0c3VtZSBZdXVqaW5jaG91IEdv|1
My1nYXRzdSBubyBMaW9u|U3VzdW1lLCBLYXJvbGluYS4=|1
My1nYXRzdSBubyBMaW9u|U2hvdXdhIEdlbnJva3UgUmFrdWdvIFNoaW5qdXU6IFN1a2Vyb2t1IEZ1dGF0YWJpLWhlbg==|2
TmVvbiBHZW5lc2lzIEV2YW5nZWxpb246IFRoZSBFbmQgb2YgRXZhbmdlbGlvbg==|Unl1dSBubyBIYWlzaGE=|1
QWppbg==|QWppbiBPVkE=|1
RmF0ZS9aZXJv|SnV1bmkgVGFpc2Vu|1
RmF0ZS9zdGF5IG5pZ2h0OiBVbmxpbWl0ZWQgQmxhZGUgV29ya3M=|SnV1bmkgVGFpc2Vu|1
QmVyc2VyazogT3Vnb24gSmlkYWktaGVuIElJSSAtIEtvdXJpbg==|S2VucHV1IERlbmtpIEJlcnNlcms=|2
QmVyc2VyazogT3Vnb24gSmlkYWktaGVuIElJIC0gRG9sZHJleSBLb3VyeWFrdQ==|S2VucHV1IERlbmtpIEJlcnNlcms=|1
QmVyc2VyazogT3Vnb24gSmlkYWktaGVuIEkgLSBIYW91IG5vIFRhbWFnbw==|S2VucHV1IERlbmtpIEJlcnNlcms=|1
TGl0dGxlIFdpdGNoIEFjYWRlbWlh|TGl0dGxlIFdpdGNoIEFjYWRlbWlhIChUVik=|1
TGl0dGxlIFdpdGNoIEFjYWRlbWlhIChUVik=|TWFyeSB0byBNYWpvIG5vIEhhbmE=|2
TGl0dGxlIFdpdGNoIEFjYWRlbWlhIChUVik=|TWFqbyBubyBUYWtreXV1Ymlu|2
TWFzYW11bmUta3VuIG5vIFJldmVuZ2U=|U2tpcCBCZWF0IQ==|2
TWFzYW11bmUta3VuIG5vIFJldmVuZ2U=|VG9yYWRvcmEh|2
R3JlYXQgVGVhY2hlciBPbml6dWth|UHJpc29uIFNjaG9vbA==|1
UGhhbnRvbTogUmVxdWllbSBmb3IgdGhlIFBoYW50b20=|UmFpbmJvdzogTmlzaGEgUm9rdWJvdSBubyBTaGljaGluaW4=|1
T25lIE91dHM=|UmFpbmJvdzogTmlzaGEgUm9rdWJvdSBubyBTaGljaGluaW4=|2
TmFuYQ==|UmFpbmJvdzogTmlzaGEgUm9rdWJvdSBubyBTaGljaGluaW4=|2
VGVuZ2VuIFRvcHBhIEd1cnJlbiBMYWdhbm4=|VGVuZ2VuIFRvcHBhIEd1cnJlbiBMYWdhbm4gTW92aWUgMjogTGFnYW5uLWhlbg==|2
VGVuZ2VuIFRvcHBhIEd1cnJlbiBMYWdhbm4=|VGVuZ2VuIFRvcHBhIEd1cnJlbiBMYWdhbm4gTW92aWUgMTogR3VycmVuLWhlbg==|2
VGVuZ2VuIFRvcHBhIEd1cnJlbiBMYWdhbm4=|VHJpZ3Vu|2
RGFya2VyIHRoYW4gQmxhY2s6IEt1cm8gbm8gS2VpeWFrdXNoYQ==|VHJpZ3Vu|1
UnVyb3VuaSBLZW5zaGluOiBNZWlqaSBLZW5rYWt1IFJvbWFudGFu|VHJpZ3Vu|1
R3JlYXQgVGVhY2hlciBPbml6dWth|VHJpZ3Vu|1
QW5vdGhlcg==|RGVucGEtdGVraSBuYSBLYW5vam8=|1
QW5vdGhlcg==|Q29ycHNlIFBhcnR5OiBUb3J0dXJlZCBTb3VscyAtIEJvdWd5YWt1c2FyZXRhIFRhbWFzaGlpIG5vIEp1a3lvdQ==|1
QW5vdGhlcg==|RWxmZW4gTGllZA==|1
QW5vdGhlcg==|SWJhcmEgbm8gT3U=|1
QW5vdGhlcg==|RHVyYXJhcmEhIQ==|1
QW5vdGhlcg==|UmU6WmVybyBrYXJhIEhhamltZXJ1IElzZWthaSBTZWlrYXRzdQ==|2
RXZhbmdlbGlvbjogMS4wIFlvdSBBcmUgKE5vdCkgQWxvbmU=|RXZhbmdlbGlvbjogMi4wIFlvdSBDYW4gKE5vdCkgQWR2YW5jZQ==|1
RXZhbmdlbGlvbjogMi4wIFlvdSBDYW4gKE5vdCkgQWR2YW5jZQ==|RXZhbmdlbGlvbjogMy4wIFlvdSBDYW4gKE5vdCkgUmVkbw==|1
RmF0ZS9aZXJv|RmF0ZS9aZXJvIDJuZCBTZWFzb24=|2
RmF0ZS9aZXJvIDJuZCBTZWFzb24=|TW9uc3Rlcg==|2
RmF0ZS9aZXJvIDJuZCBTZWFzb24=|S2FyYSBubyBLeW91a2FpIDU6IE11anVuIFJhc2Vu|1
SHVudGVyIHggSHVudGVyICgyMDExKQ==|U3dvcmQgQXJ0IE9ubGluZQ==|1
SHVudGVyIHggSHVudGVyICgyMDExKQ==|T25lIFB1bmNoIE1hbg==|1
SHVudGVyIHggSHVudGVyICgyMDExKQ==|TW9uc3Rlcg==|2
SHVudGVyIHggSHVudGVyICgyMDExKQ==|TWFkZSBpbiBBYnlzcw==|1
QmFrZW1vbm9nYXRhcmk=|S2F0YW5hZ2F0YXJp|2
S2ltaSBubyBOYSB3YS4=|U2Vpc2h1biBCdXRhIFlhcm91IHdhIEJ1bm55IEdpcmwgU2VucGFpIG5vIFl1bWUgd28gTWluYWk=|1
S2lubyBubyBUYWJpOiBUaGUgQmVhdXRpZnVsIFdvcmxkIC0gVGhlIEFuaW1hdGVkIFNlcmllcw==|TXVzaGlzaGk=|2
TW9ub25va2U=|TXVzaGlzaGk=|2
TW9uc3Rlcg==|TXVzaGlzaGk=|1
TXVzaGlzaGk=|U2FyYWl5YSBHb3lvdQ==|1
TXVzaGlzaGkgWm9rdSBTaG91|TXVzaGlzaGkgWm9rdSBTaG91IDJuZCBTZWFzb24=|1
TXVzaGlzaGkgWm9rdSBTaG91IDJuZCBTZWFzb24=|TXVzaGlzaGkgWm9rdSBTaG91OiBTdXp1IG5vIFNoaXp1a3U=|2
TXVzaGlzaGkgWm9rdSBTaG91|TXVzaGlzaGkgWm9rdSBTaG91OiBPZG9ybyBubyBNaWNoaQ==|2
TmF0c3VtZSBZdXVqaW5jaG91IFNoaQ==|TmF0c3VtZSBZdXVqaW5jaG91OiBJdHN1a2EgWXVraSBubyBIaSBuaQ==|2
Tm9kYW1lIENhbnRhYmlsZQ==|Tm9kYW1lIENhbnRhYmlsZTogTm9kYW1lIHRvIENoaWFraSBubyBVbWkgTW9ub2dhdGFyaQ==|1
Tm9kYW1lIENhbnRhYmlsZQ==|U2hpZ2F0c3Ugd2EgS2ltaSBubyBVc28=|1
SGFjaGltaXRzdSB0byBDbG92ZXI=|Tm9kYW1lIENhbnRhYmlsZQ==|2
Tm9kYW1lIENhbnRhYmlsZQ==|U2FrYW1pY2hpIG5vIEFwb2xsb24=|2
Tm9kYW1lIENhbnRhYmlsZQ==|Tm9kYW1lIENhbnRhYmlsZTogUGFyaXMtaGVu|1
UmU6WmVybyBrYXJhIEhhamltZXJ1IElzZWthaSBTZWlrYXRzdQ==|UmU6WmVybyBrYXJhIEhhamltZXJ1IElzZWthaSBTZWlrYXRzdSAtIE1lbW9yeSBTbm93|1
UmU6WmVybyBrYXJhIEhhamltZXJ1IElzZWthaSBTZWlrYXRzdQ==|WW91am8gU2Vua2k=|1
TW9uc3Rlcg==|UnVyb3VuaSBLZW5zaGluOiBNZWlqaSBLZW5rYWt1IFJvbWFudGFuIC0gVHN1aW9rdS1oZW4=|1
TWFob3V0c3VrYWkgbm8gWW9tZTogSG9zaGkgTWF0c3UgSGl0bw==|UnVyb3VuaSBLZW5zaGluOiBNZWlqaSBLZW5rYWt1IFJvbWFudGFuIC0gVHN1aW9rdS1oZW4=|2
S29rb3JvIGdhIFNha2ViaXRhZ2F0dGVydW5kYS4=|U2FrYW1pY2hpIG5vIEFwb2xsb24=|2
SGFjaGltaXRzdSB0byBDbG92ZXI=|U2FrYW1pY2hpIG5vIEFwb2xsb24=|2
QW5vIEhpIE1pdGEgSGFuYSBubyBOYW1hZSB3byBCb2t1dGFjaGkgd2EgTWFkYSBTaGlyYW5haS4=|U2FrYW1pY2hpIG5vIEFwb2xsb24=|2
U2hpbmdla2kgbm8gS3lvamluIE1vdmllIDE6IEd1cmVuIG5vIFl1bWl5YQ==|U2hpbmdla2kgbm8gS3lvamluIE1vdmllIDI6IEppeXV1IG5vIFRzdWJhc2E=|2
U2hvdXdhIEdlbnJva3UgUmFrdWdvIFNoaW5qdXU=|U2hvdXdhIEdlbnJva3UgUmFrdWdvIFNoaW5qdXU6IFN1a2Vyb2t1IEZ1dGF0YWJpLWhlbg==|2
VWNob3V0ZW4gS2F6b2t1|WW9qb3VoYW4gU2hpbndhIFRhaWtlaQ==|2
T29rYW1pIEtvZG9tbyBubyBBbWUgdG8gWXVraQ==|VWNob3V0ZW4gS2F6b2t1|1
VWNob3V0ZW4gS2F6b2t1|VWNob3V0ZW4gS2F6b2t1IDI=|2
VXNhZ2kgRHJvcA==|VXNhZ2kgRHJvcCBTcGVjaWFscw==|1
QW5nZWwgQmVhdHMh|U2h1dW1hdHN1IE5hbmkgU2hpdGVtYXN1IGthPyBJc29nYXNoaWkgRGVzdSBrYT8gU3VrdXR0ZSBNb3JhdHRlIElpIERlc3Uga2E/|2
QW5nZWwgQmVhdHMh|QW5vIEhpIE1pdGEgSGFuYSBubyBOYW1hZSB3byBCb2t1dGFjaGkgd2EgTWFkYSBTaGlyYW5haS4=|2
RmF0ZS9BcG9jcnlwaGE=|UmU6Q3JlYXRvcnM=|1
VHN1a2kgZ2EgS2lyZWk=|VHN1cmV6dXJlIENoaWxkcmVu|1
QW5vIEhpIE1pdGEgSGFuYSBubyBOYW1hZSB3byBCb2t1dGFjaGkgd2EgTWFkYSBTaGlyYW5haS4=|S2ltaSBubyBTdWl6b3Ugd28gVGFiZXRhaQ==|2
QW5vIEhpIE1pdGEgSGFuYSBubyBOYW1hZSB3byBCb2t1dGFjaGkgd2EgTWFkYSBTaGlyYW5haS4=|Q3Jvc3MgR2FtZQ==|2
QW5vIEhpIE1pdGEgSGFuYSBubyBOYW1hZSB3byBCb2t1dGFjaGkgd2EgTWFkYSBTaGlyYW5haS4=|S29ubyBTZWthaSBubyBLYXRhc3VtaSBuaQ==|2
QW5vIEhpIE1pdGEgSGFuYSBubyBOYW1hZSB3byBCb2t1dGFjaGkgd2EgTWFkYSBTaGlyYW5haS4=|SG90YXJ1IG5vIEhha2E=|2
QmFjY2FubyEgU3BlY2lhbHM=|RHVyYXJhcmEhIQ==|2
QmFjY2FubyE=|QmFjY2FubyEgU3BlY2lhbHM=|1
S2FyYSBubyBLeW91a2FpIDU6IE11anVuIFJhc2Vu|S2FyYSBubyBLeW91a2FpIDY6IEJvdWt5YWt1IFJva3Vvbg==|1
S2FyYSBubyBLeW91a2FpIDQ6IEdhcmFuIG5vIERvdQ==|S2FyYSBubyBLeW91a2FpIDU6IE11anVuIFJhc2Vu|2
QUNDQTogMTMta3UgS2Fuc2F0c3Uta2E=|S2lubyBubyBUYWJpOiBUaGUgQmVhdXRpZnVsIFdvcmxk|2
TWFkZSBpbiBBYnlzcw==|TWFkZSBpbiBBYnlzcyBNb3ZpZSAzOiBGdWtha2kgVGFtYXNoaWkgbm8gUmVpbWVp|1
TWFkZSBpbiBBYnlzcw==|TWFkZSBpbiBBYnlzcyBNb3ZpZSAyOiBIb3Vyb3UgU3VydSBUYXNvZ2FyZQ==|2
TWFkZSBpbiBBYnlzcw==|TWFkZSBpbiBBYnlzcyBNb3ZpZSAxOiBUYWJpZGFjaGkgbm8gWW9ha2U=|1
QmxhbWUhIE1vdmll|TWFkZSBpbiBBYnlzcw==|2
TWFkZSBpbiBBYnlzcw==|U2hvdWpvIFNodXVtYXRzdSBSeW9rb3U=|1
TXVzaGlzaGkgWm9rdSBTaG91|U2FyYWl5YSBHb3lvdQ==|1
VWNob3V0ZW4gS2F6b2t1IDI=|WW9qb3VoYW4gU2hpbndhIFRhaWtlaQ==|2
QmFjY2FubyE=|QmFuYW5hIEZpc2g=|1
QmFjY2FubyE=|QmxhY2sgTGFnb29u|1
QmFjY2FubyE=|RHVyYXJhcmEhIQ==|2
TmF0c3VtZSBZdXVqaW5jaG91IEdv|TmF0c3VtZSBZdXVqaW5jaG91IEdvIFNwZWNpYWxz|1
U2hpbmdla2kgbm8gQmFoYW11dDogR2VuZXNpcw==|U2hpbmdla2kgbm8gQmFoYW11dDogVmlyZ2luIFNvdWw=|1
U2hpbmdla2kgbm8gQmFoYW11dDogR2VuZXNpcw==|U2hpbmdla2kgbm8gQmFoYW11dDogR2VuZXNpcyAtIFNob3J0IFN0b3J5|1
QmFrdW1hbi4gMm5kIFNlYXNvbg==|QmFrdW1hbi4gM3JkIFNlYXNvbg==|2
QnlvdXNva3UgNSBDZW50aW1ldGVy|U2hpa2lvcmlvcmk=|1
QnlvdXNva3UgNSBDZW50aW1ldGVy|T21vaWRlIG5vIE1hcm5pZQ==|2
RGVhdGggTm90ZQ==|T25lIE91dHM=|1
RGVhdGggTm90ZQ==|R2Fua3V0c3VvdQ==|1
RGVhdGggTm90ZQ==|U2hvdWtva3Ugbm8gQWx0YWly|1
RGVhdGggTm90ZQ==|TW9uc3Rlcg==|2
S2F6ZSBUYWNoaW51|T21vaWRlIG5vIE1hcm5pZQ==|2
S2F6ZSBUYWNoaW51|S3VyZW5haSBubyBCdXRh|2
S2ltaSBuaSBUb2Rva2U=|U2tpcCBCZWF0IQ==|2
S2ltaSBuaSBUb2Rva2U=|S3VyYWdlaGltZQ==|2
SGFjaGltaXRzdSB0byBDbG92ZXI=|S2ltaSBuaSBUb2Rva2U=|2
Q2hpaGF5YWZ1cnU=|S2ltaSBuaSBUb2Rva2U=|2
S2ltaSBuaSBUb2Rva2U=|S2ltaSBuaSBUb2Rva2UgMm5kIFNlYXNvbg==|1
RG9yb3Jv|U2FyYWl5YSBHb3lvdQ==|1
TW9ub25va2U=|U2FyYWl5YSBHb3lvdQ==|1
QUNDQTogMTMta3UgS2Fuc2F0c3Uta2E=|U2FyYWl5YSBHb3lvdQ==|2
S3ViaWtpcmkgQ3ljbGU6IEFvaXJvIFNhdmFudCB0byBaYXJlZ290b3RzdWthaQ==|U2FyYWl5YSBHb3lvdQ==|1
VWNodXUgU2Vua2FuIFlhbWF0byAyMTk5|VWNodXUgU2Vua2FuIFlhbWF0byAyMjAyOiBBaSBubyBTZW5zaGktdGFjaGk=|1
TW9iaWxlIFN1aXQgR3VuZGFtOiBUaGUgT3JpZ2lu|VWNodXUgU2Vua2FuIFlhbWF0byAyMTk5|1
S29iYXlhc2hpLXNhbiBDaGkgbm8gTWFpZCBEcmFnb24=|S29iYXlhc2hpLXNhbiBDaGkgbm8gTWFpZCBEcmFnb246IFZhbGVudGluZSwgU29zaGl0ZSBPbnNlbiEgLSBBbWFyaSBLaXRhaSBTaGluYWlkZSBLdWRhc2Fp|1
QmVyc2VyazogT3Vnb24gSmlkYWktaGVuIEkgLSBIYW91IG5vIFRhbWFnbw==|QmVyc2VyazogT3Vnb24gSmlkYWktaGVuIElJIC0gRG9sZHJleSBLb3VyeWFrdQ==|2
TWFob3VrYSBLb3Vrb3Ugbm8gUmV0dG91c2Vp|TWFob3VrYSBLb3Vrb3Ugbm8gUmV0dG91c2VpIE1vdmllOiBIb3NoaSB3byBZb2J1IFNob3Vqbw==|1
TmVvbiBHZW5lc2lzIEV2YW5nZWxpb246IFRoZSBFbmQgb2YgRXZhbmdlbGlvbg==|UGVyZmVjdCBCbHVl|1
TmVvbiBHZW5lc2lzIEV2YW5nZWxpb246IFRoZSBFbmQgb2YgRXZhbmdlbGlvbg==|UGFwcmlrYQ==|1
Q2hpaGF5YWZ1cnU=|Q2hpaGF5YWZ1cnUgMg==|1
Q2hpaGF5YWZ1cnU=|UGluZyBQb25nIHRoZSBBbmltYXRpb24=|2
Q2hpaGF5YWZ1cnU=|SGlrYXJ1IG5vIEdv|2
Q2hpaGF5YWZ1cnU=|TmFuYSBNYXJ1IFNhbiBCYXRzdQ==|1
Q29kZSBHZWFzczogSGFuZ3lha3Ugbm8gTGVsb3VjaA==|RGFya2VyIHRoYW4gQmxhY2s6IEt1cm8gbm8gS2VpeWFrdXNoYQ==|2
Q29kZSBHZWFzczogSGFuZ3lha3Ugbm8gTGVsb3VjaA==|VG9reW8gR2hvdWw=|2
Q29kZSBHZWFzczogSGFuZ3lha3Ugbm8gTGVsb3VjaA==|Q29kZSBHZWFzczogSGFuZ3lha3Ugbm8gTGVsb3VjaCBSMg==|1
Q29kZSBHZWFzczogSGFuZ3lha3Ugbm8gTGVsb3VjaA==|T25lIE91dHM=|1
Q29kZSBHZWFzczogSGFuZ3lha3Ugbm8gTGVsb3VjaA==|R2Fua3V0c3VvdQ==|1
Q29kZSBHZWFzczogSGFuZ3lha3Ugbm8gTGVsb3VjaA==|U2hvdWtva3Ugbm8gQWx0YWly|1
Q29kZSBHZWFzczogSGFuZ3lha3Ugbm8gTGVsb3VjaA==|TW9uc3Rlcg==|2
TW9uc3Rlcg==|T25lIE91dHM=|1
T29rYW1pIEtvZG9tbyBubyBBbWUgdG8gWXVraQ==|U2F5b25hcmEgbm8gQXNhIG5pIFlha3Vzb2t1IG5vIEhhbmEgd28gS2F6YXJvdQ==|1
T29rYW1pIEtvZG9tbyBubyBBbWUgdG8gWXVraQ==|VG9reW8gR29kZmF0aGVycw==|1
T29rYW1pIEtvZG9tbyBubyBBbWUgdG8gWXVraQ==|VG9uYXJpIG5vIFRvdG9ybw==|2
TWFqbyBubyBUYWtreXV1Ymlu|VG9uYXJpIG5vIFRvdG9ybw==|2
QmFyYWthbW9u|RGVtaS1jaGFuIHdhIEthdGFyaXRhaQ==|1
RGVtaS1jaGFuIHdhIEthdGFyaXRhaQ==|VG9uYXJpIG5vIEt5dXVrZXRzdWtpLXNhbg==|1
RGVtaS1jaGFuIHdhIEthdGFyaXRhaQ==|RGVtaS1jaGFuIHdhIEthdGFyaXRhaTogRGVtaS1jaGFuIG5vIE5hdHN1eWFzdW1p|1
SG90YXJ1Ymkgbm8gTW9yaSBl|S2FyaWd1cmFzaGkgbm8gQXJyaWV0dHk=|2
SG90YXJ1Ymkgbm8gTW9yaSBl|TW9ub25va2UgSGltZQ==|2
TmF0c3VtZSBZdXVqaW5jaG91IFNhbg==|TmF0c3VtZSBZdXVqaW5jaG91IFNoaQ==|1
TmF0c3VtZSBZdXVqaW5jaG91IFNhbg==|Wm9rdSBOYXRzdW1lIFl1dWppbmNob3U=|1
U2Nob29sIFJ1bWJsZQ==|VG9yYWRvcmEh|2
T29rYW1pIHRvIEtvdXNoaW5yeW91|VG9yYWRvcmEh|2
SGFjaGltaXRzdSB0byBDbG92ZXI=|VG9yYWRvcmEh|2
T29rYW1pIHRvIEtvdXNoaW5yeW91|Wm9rdSBOYXRzdW1lIFl1dWppbmNob3U=|2
TmF0c3VtZSBZdXVqaW5jaG91|Wm9rdSBOYXRzdW1lIFl1dWppbmNob3U=|2
TmF0c3VtZSBZdXVqaW5jaG91IFNoaQ==|TmF0c3VtZSBZdXVqaW5jaG91OiBOeWFua28tc2Vuc2VpIHRvIEhhamltZXRlIG5vIE90c3VrYWk=|1
RG9yb3Jv|TmF0c3VtZSBZdXVqaW5jaG91|2
TmF0c3VtZSBZdXVqaW5jaG91|WW91a2FpIEFwYXJ0bWVudCBubyBZdXVnYSBuYSBOaWNoaWpvdQ==|1
TmF0c3VtZSBZdXVqaW5jaG91|T21vaWRlIG5vIE1hcm5pZQ==|1
TWFob3V0c3VrYWkgbm8gWW9tZQ==|TmF0c3VtZSBZdXVqaW5jaG91|2
T25lIFB1bmNoIE1hbg==|T25lIFB1bmNoIE1hbiAybmQgU2Vhc29u|1
T25lIFB1bmNoIE1hbg==|T25lIFB1bmNoIE1hbjogUm9hZCB0byBIZXJv|1
RmF0ZS9aZXJv|U3dvcmQgQXJ0IE9ubGluZQ==|1
U3dvcmQgQXJ0IE9ubGluZQ==|U3dvcmQgQXJ0IE9ubGluZTogRXh0cmEgRWRpdGlvbg==|1
TmV0LWp1dSBubyBTdXN1bWU=|TmV0LWp1dSBubyBTdXN1bWUgU3BlY2lhbA==|1
Q29kZSBHZWFzczogSGFuZ3lha3Ugbm8gTGVsb3VjaCBSMg==|U2hvdWtva3Ugbm8gQWx0YWly|1
TkhLIG5pIFlvdWtvc28h|VG9reW8gR29kZmF0aGVycw==|2
SGFjaGltaXRzdSB0byBDbG92ZXI=|T3VyYW4gS291a291IEhvc3QgQ2x1Yg==|2
SGFjaGltaXRzdSB0byBDbG92ZXI=|U2hpZ2F0c3Ugd2EgS2ltaSBubyBVc28=|2
SGFjaGltaXRzdSB0byBDbG92ZXI=|S3VyYWdlaGltZQ==|2
TW9ub2dhdGFyaSBTZXJpZXM6IFNlY29uZCBTZWFzb24=|T3dhcmltb25vZ2F0YXJp|1
T3dhcmltb25vZ2F0YXJp|T3dhcmltb25vZ2F0YXJpIDJuZCBTZWFzb24=|2
S2FrZWd1cnVp|S2FrZWd1cnVpw5fDlw==|1
R3lha2t5b3UgQnVyYWkgS2Fpamk6IFVsdGltYXRlIFN1cnZpdm9y|S2FrZWd1cnVp|1
Sm9KbyBubyBLaW15b3UgbmEgQm91a2VuIChUVik=|S2FrZWd1cnVp|2
S2FyYSBubyBLeW91a2FpIDE6IEZ1a2FuIEZ1dWtlaQ==|S2FyYSBubyBLeW91a2FpIDI6IFNhdHN1amluIEtvdXNhdHN1IChaZW4p|2
RmF0ZS9aZXJv|S2FyYSBubyBLeW91a2FpIDE6IEZ1a2FuIEZ1dWtlaQ==|1
VHN1a2kgZ2EgS2lyZWk=|VHN1a2kgZ2EgS2lyZWkgU3BlY2lhbA==|1
S3VyYWdlaGltZQ==|T3VyYW4gS291a291IEhvc3QgQ2x1Yg==|1
S3VyYWdlaGltZQ==|U2tpcCBCZWF0IQ==|1
S29pIHRvIFVzbw==|S29pIHRvIFVzbyBPVkE=|1
S29pIHRvIFVzbw==|S3V6dSBubyBIb25rYWk=|2
S29pIHRvIFVzbw==|TmV0c3V6b3UgVFJhcA==|1
S295b21pbW9ub2dhdGFyaQ==|T3dhcmltb25vZ2F0YXJpIDJuZCBTZWFzb24=|2
T29rYW1pIHRvIEtvdXNoaW5yeW91IElJ|T29rYW1pIHRvIEtvdXNoaW5yeW91IElJOiBPb2thbWkgdG8gS29oYWt1aXJvIG5vIFl1dXV0c3U=|1
RmF0ZS9aZXJv|UmU6Q3JlYXRvcnM=|1
RmF0ZS9zdGF5IG5pZ2h0OiBVbmxpbWl0ZWQgQmxhZGUgV29ya3M=|UmU6Q3JlYXRvcnM=|1
S3V6dSBubyBIb25rYWk=|TmV0c3V6b3UgVFJhcA==|1
TW9ub2dhdGFyaSBTZXJpZXM6IFNlY29uZCBTZWFzb24=|T29rYW1pIHRvIEtvdXNoaW5yeW91|1
T29rYW1pIHRvIEtvdXNoaW5yeW91|T29rYW1pIHRvIEtvdXNoaW5yeW91IElJOiBPb2thbWkgdG8gS29oYWt1aXJvIG5vIFl1dXV0c3U=|1
T29rYW1pIHRvIEtvdXNoaW5yeW91|WmVybyBrYXJhIEhhamltZXJ1IE1haG91IG5vIFNobw==|1
U2Vpa2FpIG5vIE1vbnNob3U=|U2Vpa2FpIG5vIFNlbmtp|2
U2Vpa2FpIG5vIFNlbmtp|U2Vpa2FpIG5vIFNlbmtpIElJ|2
TW9ub2dhdGFyaSBTZXJpZXM6IFNlY29uZCBTZWFzb24=|VHN1a2ltb25vZ2F0YXJp|1
RGV0cm9pdCBNZXRhbCBDaXR5|TmFuYQ==|2
RGV0cm9pdCBNZXRhbCBDaXR5|Wm9tYmllbGFuZCBTYWdh|2
VG9reW8gR2hvdWwg4oiaQQ==|VG9reW8gR2hvdWw6cmU=|1
SGVsbHNpbmcgVWx0aW1hdGU=|U2lyaXVz|2
QmVyc2VyazogT3Vnb24gSmlkYWktaGVuIElJSSAtIEtvdXJpbg==|Sm9KbyBubyBLaW15b3UgbmEgQm91a2VuIChUVik=|1
UGFwcmlrYQ==|UGVyZmVjdCBCbHVl|2
TW9iaWxlIFN1aXQgR3VuZGFtOiBUaGUgT3JpZ2lu|TW9iaWxlIFN1aXQgR3VuZGFtOiBUaGUgT3JpZ2luIC0gQWR2ZW50IG9mIHRoZSBSZWQgQ29tZXQ=|1
TW9iaWxlIFN1aXQgR3VuZGFtOiBUaGUgT3JpZ2lu|WW91am8gU2Vua2k=|1
T3Nha2Ugd2EgRnV1ZnUgbmkgTmF0dGUga2FyYQ==|V290YWt1IG5pIEtvaSB3YSBNdXp1a2FzaGlp|2
R2luIG5vIFNhamk=|R2luIG5vIFNhamkgMm5kIFNlYXNvbg==|2
R2luIG5vIFNhamk=|U2hva3VnZWtpIG5vIFNvdW1h|1
QXRvbTogVGhlIEJlZ2lubmluZw==|Um9ib01hc3RlcnMgdGhlIEFuaW1hdGVkIFNlcmllcw==|1
RXZpbCBvciBMaXZl|RXZpbCBvciBMaXZlIFJlY2Fw|2
S29iYXlhc2hpLXNhbiBDaGkgbm8gTWFpZCBEcmFnb24=|VG9uYXJpIG5vIEt5dXVrZXRzdWtpLXNhbg==|1
Tm8gR2FtZSBObyBMaWZl|U3dvcmQgQXJ0IE9ubGluZSBJSQ==|2
Tm8gR2FtZSBObyBMaWZl|U2hva3VnZWtpIG5vIFNvdW1h|2
QmxhY2sgTGFnb29u|U2VpcmVpIG5vIE1vcmliaXRv|2
U2Nob29sIFJ1bWJsZQ==|U2tpcCBCZWF0IQ==|2
RnVsbCBNb29uIHdvIFNhZ2FzaGl0ZQ==|TmFuYQ==|2
QmFrZW1vbm8gbm8gS28=|U2F5b25hcmEgbm8gQXNhIG5pIFlha3Vzb2t1IG5vIEhhbmEgd28gS2F6YXJvdQ==|1
TWlyYWkgbm8gTWlyYWk=|U2F5b25hcmEgbm8gQXNhIG5pIFlha3Vzb2t1IG5vIEhhbmEgd28gS2F6YXJvdQ==|1
Q2xhbm5hZCBNb3ZpZQ==|Q2xhbm5hZDogQWZ0ZXIgU3Rvcnk=|1
Q2xhbm5hZDogQWZ0ZXIgU3Rvcnk=|R2ludGFtYQ==|2
Q2xhbm5hZA==|Q2xhbm5hZDogQWZ0ZXIgU3Rvcnk=|1
Q29kZSBHZWFzczogSGFuZ3lha3Ugbm8gTGVsb3VjaCBSMg==|T25lIE91dHM=|1
SGFqaW1lIG5vIElwcG86IENoYW1waW9uIFJvYWQ=|SGFqaW1lIG5vIElwcG86IE1hc2hpYmEgdnMuIEtpbXVyYQ==|1
SGFqaW1lIG5vIElwcG8=|SGFqaW1lIG5vIElwcG86IENoYW1waW9uIFJvYWQ=|1
SGFqaW1lIG5vIElwcG8=|UGluZyBQb25nIHRoZSBBbmltYXRpb24=|1
Q2xhbm5hZA==|VG9reW8gTWFnbml0dWRlIDguMA==|2
Q2xhbm5hZA==|S29rb3JvIGdhIFNha2ViaXRhZ2F0dGVydW5kYS4=|2
Q2xhbm5hZA==|U2hpZ2F0c3Ugd2EgS2ltaSBubyBVc28=|2
SHlvdWth|SHlvdWthOiBNb3RzdWJla2kgTW9ubyB3YQ==|1
TmF0c3VtZSBZdXVqaW5jaG91IEdv|TmF0c3VtZSBZdXVqaW5jaG91IFJva3U=|2
U3dvcmQgQXJ0IE9ubGluZSBNb3ZpZTogT3JkaW5hbCBTY2FsZQ==|U3dvcmQgQXJ0IE9ubGluZTogQWxpY2l6YXRpb24=|1
RmF0ZS9aZXJv|TG9yZCBFbC1NZWxsb2kgSUkgU2VpIG5vIEppa2VuYm86IFJhaWwgWmVwcGVsaW4gR3JhY2UgTm90ZSAtIEhha2Ftb3JpIHRvIE5la28gdG8gTWFqdXRzdXNoaQ==|1
S2FyYSBubyBLeW91a2FpIDM6IFRzdXVrYWt1IFphbnJ5dXU=|S2FyYSBubyBLeW91a2FpIDQ6IEdhcmFuIG5vIERvdQ==|1
TmF0c3VtZSBZdXVqaW5jaG91IFJva3U=|TmF0c3VtZSBZdXVqaW5jaG91IFJva3UgU3BlY2lhbHM=|1
QmxhbWUhIE1vdmll|U2hvdWpvIFNodXVtYXRzdSBSeW9rb3U=|2
S29lIG5vIEthdGFjaGk=|TWlyYWkgbm8gTWlyYWk=|1
R2ludGFtYQ==|SGluYW1hdHN1cmk=|2
THVwaW4gdGhlIFRoaXJkOiBNaW5lIEZ1amlrbyB0byBJdSBPbm5h|U2VueWEgSWNoaXlhIE1vbm9nYXRhcmk=|1
WW91am8gU2Vua2k=|WW91am8gU2Vua2kgTW92aWU=|1
SnV1bmkgS29rdWtp|U2VpcmVpIG5vIE1vcmliaXRv|2
R2FrZSBubyBVZSBubyBQb255bw==|SG93bCBubyBVZ29rdSBTaGlybw==|2
SG93bCBubyBVZ29rdSBTaGlybw==|T3VyYW4gS291a291IEhvc3QgQ2x1Yg==|1
QXJ1IFRhYmliaXRvIG5vIE5pa2tp|SG93bCBubyBVZ29rdSBTaGlybw==|2
Q2xhbm5hZCBNb3ZpZQ==|U2hpZ2F0c3Ugd2EgS2ltaSBubyBVc28=|1
QUNDQTogMTMta3UgS2Fuc2F0c3Uta2E=|QUNDQTogMTMta3UgS2Fuc2F0c3Uta2EgLSBSZWdhcmRz|1
SGFpa2FyYS1zYW4gZ2EgVG9vcnUgTW92aWUgMTogQmVuaW8sIEhhbmEgbm8gMTctc2Fp|SGFpa2FyYS1zYW4gZ2EgVG9vcnUgTW92aWUgMjogSGFuYSBubyBUb2t5byBEYWkgUm9tYW4=|1
R29ibGluIFNsYXllcg==|VGVuc2VpIHNoaXRhcmEgU2xpbWUgRGF0dGEgS2Vu|1
RG9yb3Jv|SnV1bmkgS29rdWtp|2
Q29kZSBHZWFzczogSGFuZ3lha3Ugbm8gTGVsb3VjaCBSMg==|SGlnYXNoaSBubyBFZGVu|1
SGlnYXNoaSBubyBFZGVu|TkhLIG5pIFlvdWtvc28h|2
TmV0LWp1dSBubyBTdXN1bWU=|TkhLIG5pIFlvdWtvc28h|1
TkhLIG5pIFlvdWtvc28h|UGluZyBQb25nIHRoZSBBbmltYXRpb24=|2
QmFrZW1vbm8gbm8gS28=|TW9tbyBlIG5vIFRlZ2FtaQ==|2
QmFrZW1vbm8gbm8gS28=|SGluYW1hdHN1cmk=|1
RGFya2VyIHRoYW4gQmxhY2s6IEt1cm8gbm8gS2VpeWFrdXNoYQ==|RGFya2VyIHRoYW4gQmxhY2s6IEt1cm8gbm8gS2VpeWFrdXNoYSAtIFNha3VyYSBubyBIYW5hIG5vIE1hbmthaSBubyBTaGl0YQ==|1
ZWY6IEEgVGFsZSBvZiBNZW1vcmllcy4=|ZWY6IEEgVGFsZSBvZiBNZW1vcmllcy4gLSBSZWNvbGxlY3Rpb25z|2
RXZlIG5vIEppa2FuIChNb3ZpZSk=|TWl6dSBubyBLb3RvYmE=|1
RXZlIG5vIEppa2FuIChNb3ZpZSk=|VGhlcmUgU2hlIElzISE=|2
RmF0ZS9zdGF5IG5pZ2h0OiBVbmxpbWl0ZWQgQmxhZGUgV29ya3MgMm5kIFNlYXNvbg==|S290b25vaGEgbm8gTml3YQ==|1
RmF0ZS9zdGF5IG5pZ2h0OiBVbmxpbWl0ZWQgQmxhZGUgV29ya3M=|RmF0ZS9zdGF5IG5pZ2h0OiBVbmxpbWl0ZWQgQmxhZGUgV29ya3MgMm5kIFNlYXNvbg==|2
SGlrYXJ1IG5vIEdv|SGlrYXJ1IG5vIEdvOiBIb2t1dG8gSGFpIGUgbm8gTWljaGk=|1
SGlrYXJ1IG5vIEdv|UGluZyBQb25nIHRoZSBBbmltYXRpb24=|2
S29iYXlhc2hpLXNhbiBDaGkgbm8gTWFpZCBEcmFnb24=|S29iYXlhc2hpLXNhbiBDaGkgbm8gT08gRHJhZ29u|1
S29lIG5vIEthdGFjaGk=|S290b25vaGEgbm8gTml3YQ==|2
RmF0ZS9zdGF5IG5pZ2h0OiBVbmxpbWl0ZWQgQmxhZGUgV29ya3M=|RmF0ZS9zdGF5IG5pZ2h0OiBVbmxpbWl0ZWQgQmxhZGUgV29ya3MgUHJvbG9ndWU=|2
TWFob3VrYSBLb3Vrb3Ugbm8gUmV0dG91c2Vp|Um9rdWRlbmFzaGkgTWFqdXRzdSBLb3VzaGkgdG8gQWthc2hpYyBSZWNvcmRz|1
T3Nha2Ugd2EgRnV1ZnUgbmkgTmF0dGUga2FyYQ==|T3Nha2Ugd2EgRnV1ZnUgbmkgTmF0dGUga2FyYTogWXV6dSBBdHN1a2Fu|1
TmV3IEluaXRpYWwgRCBNb3ZpZTogTGVnZW5kIDEgLSBLYWt1c2Vp|TmV3IEluaXRpYWwgRCBNb3ZpZTogTGVnZW5kIDIgLSBUb3Vzb3U=|2
U3V6dW1peWEgSGFydWhpIG5vIFNob3VzaGl0c3U=|U3V6dW1peWEgSGFydWhpIG5vIFl1dXV0c3U=|1
WW9qb3VoYW4gU2hpbndhIFRhaWtlaQ==|WW9qb3VoYW4gU2hpbndhIFRhaWtlaSBTcGVjaWFscw==|1
S2l6dW1vbm9nYXRhcmkgSUk6IE5la2tldHN1LWhlbg==|S2l6dW1vbm9nYXRhcmkgSUlJOiBSZWlrZXRzdS1oZW4=|1
SGliaWtlISBFdXBob25pdW0gMg==|SGliaWtlISBFdXBob25pdW0gTW92aWUgMzogQ2hpa2FpIG5vIEZpbmFsZQ==|1
SGliaWtlISBFdXBob25pdW0gMg==|TGl6IHRvIEFvaSBUb3Jp|2
U3dvcmQgQXJ0IE9ubGluZSBJSQ==|U3dvcmQgQXJ0IE9ubGluZSBNb3ZpZTogT3JkaW5hbCBTY2FsZQ==|2
RmF0ZS9zdGF5IG5pZ2h0IE1vdmllOiBIZWF2ZW4ncyBGZWVsIC0gSUkuIExvc3QgQnV0dGVyZmx5|S2FyYSBubyBLeW91a2FpIDM6IFRzdXVrYWt1IFphbnJ5dXU=|1
S2FyYSBubyBLeW91a2FpIDI6IFNhdHN1amluIEtvdXNhdHN1IChaZW4p|S2FyYSBubyBLeW91a2FpIDM6IFRzdXVrYWt1IFphbnJ5dXU=|1
TW9iaWxlIFN1aXQgR3VuZGFtIDAwIFNlY29uZCBTZWFzb24=|TW9iaWxlIFN1aXQgR3VuZGFtIDAwIFNwZWNpYWwgRWRpdGlvbg==|2
U2Vpa2FpIG5vIFNlbmtpIElJ|U2Vpa2FpIG5vIFNlbmtpIElJSQ==|2
RnVsbCBNZXRhbCBQYW5pYyEgVGhlIFNlY29uZCBSYWlk|TW9iaWxlIFN1aXQgR3VuZGFtOiBUaGUgMDh0aCBNUyBUZWFt|1
RnVsbCBNZXRhbCBQYW5pYyEgVGhlIFNlY29uZCBSYWlk|U3V6dW1peWEgSGFydWhpIG5vIFNob3VzaGl0c3U=|2
RmF0ZS9aZXJv|TG9yZCBFbC1NZWxsb2kgSUkgU2VpIG5vIEppa2VuYm86IFJhaWwgWmVwcGVsaW4gR3JhY2UgTm90ZQ==|1
RmF0ZS9zdGF5IG5pZ2h0IE1vdmllOiBIZWF2ZW4ncyBGZWVsIC0gSS4gUHJlc2FnZSBGbG93ZXI=|RmF0ZS9zdGF5IG5pZ2h0IE1vdmllOiBIZWF2ZW4ncyBGZWVsIC0gSUkuIExvc3QgQnV0dGVyZmx5|1
RWxmZW4gTGllZA==|RmF0ZS9zdGF5IG5pZ2h0IE1vdmllOiBIZWF2ZW4ncyBGZWVsIC0gSS4gUHJlc2FnZSBGbG93ZXI=|2
T3dhcmltb25vZ2F0YXJpIDJuZCBTZWFzb24=|Wm9rdSBPd2FyaW1vbm9nYXRhcmk=|2
SGFuYW1vbm9nYXRhcmk=|T3dhcmltb25vZ2F0YXJpIDJuZCBTZWFzb24=|2
U2hpbmdla2kgbm8gS3lvamluIE9WQQ==|VG9reW8gR2hvdWw=|2
Q29ycHNlIFBhcnR5OiBUb3J0dXJlZCBTb3VscyAtIEJvdWd5YWt1c2FyZXRhIFRhbWFzaGlpIG5vIEp1a3lvdQ==|RWxmZW4gTGllZA==|2
RmF0ZS9zdGF5IG5pZ2h0IE1vdmllOiBIZWF2ZW4ncyBGZWVsIC0gSUkuIExvc3QgQnV0dGVyZmx5|S2FyYSBubyBLeW91a2FpIDI6IFNhdHN1amluIEtvdXNhdHN1IChaZW4p|1
TmV3IEluaXRpYWwgRCBNb3ZpZTogTGVnZW5kIDIgLSBUb3Vzb3U=|TmV3IEluaXRpYWwgRCBNb3ZpZTogTGVnZW5kIDMgLSBNdWdlbg==|1
SHlvdWth|U2Vpc2h1biBCdXRhIFlhcm91IHdhIEJ1bm55IEdpcmwgU2VucGFpIG5vIFl1bWUgd28gTWluYWk=|1
R2luZ2EgRWl5dXUgRGVuc2V0c3U6IERpZSBOZXVlIFRoZXNlIC0gS2Fpa291|R2luZ2EgRWl5dXUgRGVuc2V0c3U6IERpZSBOZXVlIFRoZXNlIC0gU2VpcmFuIDE=|2
QWppbg==|SW51eWFzaGlraQ==|2
VG9reW8gR2hvdWw=|VG9reW8gR2hvdWwg4oiaQQ==|1
U3VtbWVyIFdhcnM=|VWNodXUgU2hvdyBlIFlvdWtvc28=|1
RnVsbCBNZXRhbCBQYW5pYz8gRnVtb2ZmdQ==|T3VyYW4gS291a291IEhvc3QgQ2x1Yg==|1
Q29xdWVsaWNvdC16YWthIGthcmE=|T21vaWRlIG5vIE1hcm5pZQ==|1
TW9tbyBlIG5vIFRlZ2FtaQ==|T21vaWRlIG5vIE1hcm5pZQ==|2
SW51eWFzaGlraQ==|S29ra29rdQ==|2
TWF3YXJ1IFBlbmd1aW5kcnVt|U2FyYXphbm1haQ==|1
UmVMSUZF|U2Vpc2h1biBCdXRhIFlhcm91IHdhIEJ1bm55IEdpcmwgU2VucGFpIG5vIFl1bWUgd28gTWluYWk=|2
TWFob3UgU2hvdWpvIE1hZG9rYeKYhU1hZ2ljYSBNb3ZpZSAyOiBFaWVuIG5vIE1vbm9nYXRhcmk=|TWFob3UgU2hvdWpvIE1hZG9rYeKYhU1hZ2ljYSBNb3ZpZSAzOiBIYW5neWFrdSBubyBNb25vZ2F0YXJp|1
UHJpbmNlc3MgUHJpbmNpcGFs|U2lyaXVz|1
SGF0YXJha3UgU2FpYm91IChUVik=|SGF0YXJha3UgU2FpYm91OiBLYXplIFNob3Vrb3VndW4=|1
Tm9kYW1lIENhbnRhYmlsZTogRmluYWxl|Tm9kYW1lIENhbnRhYmlsZTogRmluYWxlIE9WQQ==|1
THVwaW4gdGhlIElJSXJkOiBDaGlrZW11cmkgbm8gSXNoaWthd2EgR29lbW9u|THVwaW4gdGhlIElJSXJkOiBNaW5lIEZ1amlrbyBubyBVc28=|2
T25lIFB1bmNoIE1hbiAybmQgU2Vhc29u|VGVuc2VpIHNoaXRhcmEgU2xpbWUgRGF0dGEgS2Vu|1
SGFqaW1lIG5vIElwcG86IE1hc2hpYmEgdnMuIEtpbXVyYQ==|SGFqaW1lIG5vIElwcG86IE5ldyBDaGFsbGVuZ2Vy|2
SGFuYW1vbm9nYXRhcmk=|Wm9rdSBPd2FyaW1vbm9nYXRhcmk=|2
UmVMSUZF|UmVMSUZFOiBLYW5rZXRzdS1oZW4=|1
VG91Y2g=|VG91Y2g6IE1pc3MgTG9uZWx5IFllc3RlcmRheSAtIEFyZSBrYXJhLCBLaW1pIHdhLi4u|1
VG91Y2g6IENyb3NzIFJvYWQgLSBLYXplIG5vIFl1a3Vl|VG91Y2g6IE1pc3MgTG9uZWx5IFllc3RlcmRheSAtIEFyZSBrYXJhLCBLaW1pIHdhLi4u|1
Q2hpaGF5YWZ1cnUgMg==|Q2hpaGF5YWZ1cnUgMjogV2FnYSBNaXlvIG5pIEZ1cnUgTmFnYW1lIFNoaW1hIG5p|2
S291a2FrdSBLaWRvdXRhaTogU3RhbmQgQWxvbmUgQ29tcGxleCAtIFNvbGlkIFN0YXRlIFNvY2lldHk=|S291a2FrdSBLaWRvdXRhaTogU3RhbmQgQWxvbmUgQ29tcGxleCAybmQgR0lH|2
VGVuZ2VuIFRvcHBhIEd1cnJlbiBMYWdhbm4gTW92aWUgMTogR3VycmVuLWhlbg==|VGVuZ2VuIFRvcHBhIEd1cnJlbiBMYWdhbm4gTW92aWUgMjogTGFnYW5uLWhlbg==|1
VGVudGFpIFNlbnNoaSBTdW5yZWQ=|VGVudGFpIFNlbnNoaSBTdW5yZWQgMm5kIFNlYXNvbg==|2
S29ubyBPdG8gVG9tYXJlIQ==|S29ubyBPdG8gVG9tYXJlISAybmQgU2Vhc29u|1
R2luZ2EgRWl5dXUgRGVuc2V0c3U6IERpZSBOZXVlIFRoZXNlIC0gU2VpcmFuIDE=|R2luZ2EgRWl5dXUgRGVuc2V0c3U6IERpZSBOZXVlIFRoZXNlIC0gU2VpcmFuIDI=|2
UHN5Y2hvLVBhc3MgTW92aWU=|UHN5Y2hvLVBhc3M6IFNpbm5lcnMgb2YgdGhlIFN5c3RlbSBDYXNlLjEgLSBUc3VtaSB0byBCYWNoaQ==|1
QmVyc2VyazogT3Vnb24gSmlkYWktaGVuIElJIC0gRG9sZHJleSBLb3VyeWFrdQ==|QmVyc2VyazogT3Vnb24gSmlkYWktaGVuIElJSSAtIEtvdXJpbg==|1
UHN5Y2hvLVBhc3M6IFNpbm5lcnMgb2YgdGhlIFN5c3RlbSBDYXNlLjIgLSBGaXJzdCBHdWFyZGlhbg==|UHN5Y2hvLVBhc3M6IFNpbm5lcnMgb2YgdGhlIFN5c3RlbSBDYXNlLjMgLSBPbnNodXUgbm8gS2FuYXRhIG5p77y/77y/|2
UHN5Y2hvLVBhc3M6IFNpbm5lcnMgb2YgdGhlIFN5c3RlbSBDYXNlLjEgLSBUc3VtaSB0byBCYWNoaQ==|UHN5Y2hvLVBhc3M6IFNpbm5lcnMgb2YgdGhlIFN5c3RlbSBDYXNlLjIgLSBGaXJzdCBHdWFyZGlhbg==|2
R2luZ2EgRWl5dXUgRGVuc2V0c3U6IERpZSBOZXVlIFRoZXNlIC0gU2VpcmFuIDI=|R2luZ2EgRWl5dXUgRGVuc2V0c3U6IERpZSBOZXVlIFRoZXNlIC0gU2VpcmFuIDM=|2
SmlucnVpIHdhIFN1aXRhaSBTaGltYXNoaXRh|SmlucnVpIHdhIFN1aXRhaSBTaGltYXNoaXRhIFNwZWNpYWxz|1
TWFkZSBpbiBBYnlzcyBNb3ZpZSAxOiBUYWJpZGFjaGkgbm8gWW9ha2U=|TWFkZSBpbiBBYnlzcyBNb3ZpZSAyOiBIb3Vyb3UgU3VydSBUYXNvZ2FyZQ==|2
SG9uenVraSBubyBHZWtva3Vqb3U6IFNoaXNobyBuaSBOYXJ1IFRhbWUgbmkgd2EgU2h1ZGFuIHdvIEVyYW5kZWlyYXJlbWFzZW4=|SG9uenVraSBubyBHZWtva3Vqb3U6IFNoaXNobyBuaSBOYXJ1IFRhbWUgbmkgd2EgU2h1ZGFuIHdvIEVyYW5kZWlyYXJlbWFzZW4gT1ZB|1
TWFkZSBpbiBBYnlzcyBNb3ZpZSAzOiBGdWtha2kgVGFtYXNoaWkgbm8gUmVpbWVp|TWFydWxrLWNoYW4gbm8gTmljaGlqb3U=|1
RHVyYXJhcmEhIQ==|RHVyYXJhcmEhISBTcGVjaWFscw==|2
S2FyYSBubyBLeW91a2FpIDc6IFNhdHN1amluIEtvdXNhdHN1IChHbyk=|S2FyYSBubyBLeW91a2FpIDg6IFNodXVzaG91|1
S2FyYSBubyBLeW91a2FpIDY6IEJvdWt5YWt1IFJva3Vvbg==|S2FyYSBubyBLeW91a2FpIDc6IFNhdHN1amluIEtvdXNhdHN1IChHbyk=|2
Q2hpaGF5YWZ1cnUgMjogV2FnYSBNaXlvIG5pIEZ1cnUgTmFnYW1lIFNoaW1hIG5p|Q2hpaGF5YWZ1cnUgMw==|2
UHN5Y2hvLVBhc3MgMw==|UHN5Y2hvLVBhc3MgMzogRmlyc3QgSW5zcGVjdG9y|1
UHN5Y2hvLVBhc3M=|UHN5Y2hvLVBhc3MgMg==|1
SGlndXJhc2hpIG5vIE5ha3UgS29ybyBuaQ==|S2lzZWlqdXU6IFNlaSBubyBLYWt1cml0c3U=|2
QWthZ2Ugbm8gQW5uZQ==|S29ubmljaGl3YSBBbm5lOiBCZWZvcmUgR3JlZW4gR2FibGVz|1
QmFsbHJvb20gZSBZb3Vrb3Nv|S2F6ZSBnYSBUc3V5b2t1IEZ1aXRlaXJ1|1
UmU6WmVybyBrYXJhIEhhamltZXJ1IElzZWthaSBTZWlrYXRzdQ==|UmU6WmVybyBrYXJhIEhhamltZXJ1IElzZWthaSBTZWlrYXRzdSAtIEh5b3VrZXRzdSBubyBLaXp1bmE=|1
SG9uenVraSBubyBHZWtva3Vqb3U6IFNoaXNobyBuaSBOYXJ1IFRhbWUgbmkgd2EgU2h1ZGFuIHdvIEVyYW5kZWlyYXJlbWFzZW4=|SG9uenVraSBubyBHZWtva3Vqb3U6IFNoaXNobyBuaSBOYXJ1IFRhbWUgbmkgd2EgU2h1ZGFuIHdvIEVyYW5kZWlyYXJlbWFzZW4gMm5kIFNlYXNvbg==|2
SG9uenVraSBubyBHZWtva3Vqb3U6IFNoaXNobyBuaSBOYXJ1IFRhbWUgbmkgd2EgU2h1ZGFuIHdvIEVyYW5kZWlyYXJlbWFzZW4gMm5kIFNlYXNvbg==|SG9uenVraSBubyBHZWtva3Vqb3U6IFNoaXNobyBuaSBOYXJ1IFRhbWUgbmkgd2EgU2h1ZGFuIHdvIEVyYW5kZWlyYXJlbWFzZW4gT1ZB|1
SGFpa3l1dSEhIFNlY29uZCBTZWFzb24=|SGFpa3l1dSEhOiBLYXJhc3VubyBLb3Vrb3UgdnMuIFNoaXJhdG9yaXphd2EgR2FrdWVuIEtvdWtvdQ==|2
R29ibGluIFNsYXllcg==|R29ibGluIFNsYXllcjogR29ibGluJ3MgQ3Jvd24=|1
T25lIFB1bmNoIE1hbiAybmQgU2Vhc29u|T25lIFB1bmNoIE1hbiAybmQgU2Vhc29uIFNwZWNpYWxz|1
R2luZ2EgRWl5dXUgRGVuc2V0c3UgR2FpZGVu|R2luZ2EgRWl5dXUgRGVuc2V0c3UgR2FpZGVuICgxOTk5KQ==|2
RnVsbG1ldGFsIEFsY2hlbWlzdA==|RnVsbG1ldGFsIEFsY2hlbWlzdDogQnJvdGhlcmhvb2Q=|2
RWxmZW4gTGllZA==|S2FyYSBubyBLeW91a2FpIDI6IFNhdHN1amluIEtvdXNhdHN1IChaZW4p|2
Q2hpby1jaGFuIG5vIFRzdXVnYWt1cm8=|SGluYW1hdHN1cmk=|2
S3lva291IFN1aXJp|R29zaWNr|1
Wm9rdSBTYXlvbmFyYSBaZXRzdWJvdSBTZW5zZWk=|R2ludGFtYQ==|1
Wm9rdSBTYXlvbmFyYSBaZXRzdWJvdSBTZW5zZWk=|TkhLIG5pIFlvdWtvc28h|2
Wm9rdSBTYXlvbmFyYSBaZXRzdWJvdSBTZW5zZWk=|WW9qb3VoYW4gU2hpbndhIFRhaWtlaQ==|2
SHVudGVyIHggSHVudGVyICgyMDExKQ==|SHVudGVyIHggSHVudGVyOiBPcmlnaW5hbCBWaWRlbyBBbmltYXRpb24=|1
UmU6WmVybyBrYXJhIEhhamltZXJ1IElzZWthaSBTZWlrYXRzdQ==|UmU6WmVybyBrYXJhIEhhamltZXJ1IElzZWthaSBTZWlrYXRzdSAybmQgU2Vhc29u|1
RnJ1aXRzIEJhc2tldCAxc3QgU2Vhc29u|RnJ1aXRzIEJhc2tldCAybmQgU2Vhc29u|1
SHVudGVyIHggSHVudGVy|SHVudGVyIHggSHVudGVyOiBPcmlnaW5hbCBWaWRlbyBBbmltYXRpb24=|2
U2F5b25hcmEgWmV0c3Vib3UgU2Vuc2Vp|Wm9rdSBTYXlvbmFyYSBaZXRzdWJvdSBTZW5zZWk=|1
SWUgTmFraSBLbw==|VmVyc2FpbGxlcyBubyBCYXJh|2
SHVudGVyIHggSHVudGVyICgyMDExKQ==|SHVudGVyIHggSHVudGVyOiBHcmVlZCBJc2xhbmQ=|1
RHVyYXJhcmEhIQ==|T3VyYW4gS291a291IEhvc3QgQ2x1Yg==|2
QmFrZW1vbm9nYXRhcmk=|U3V6dW1peWEgSGFydWhpIG5vIFl1dXV0c3U=|2
SHVudGVyIHggSHVudGVyICgyMDExKQ==|SHVudGVyIHggSHVudGVyOiBHcmVlZCBJc2xhbmQgRmluYWw=|1
TWFob3VrYSBLb3Vrb3Ugbm8gUmV0dG91c2Vp|TWFob3VrYSBLb3Vrb3Ugbm8gUmV0dG91c2VpOiBSYWlob3VzaGEtaGVu|1
eHh4SE9MaUMgU2h1bm11a2k=|eHh4SE9MaUMgUm91|2
eHh4SE9MaUMgS2Vp|eHh4SE9MaUMgU2h1bm11a2k=|2
SHVudGVyIHggSHVudGVyOiBHcmVlZCBJc2xhbmQ=|SHVudGVyIHggSHVudGVyOiBHcmVlZCBJc2xhbmQgRmluYWw=|1
TXVzaGlzaGkgWm9rdSBTaG91|TXVzaGlzaGk=|1
TXVzaGlzaGkgWm9rdSBTaG91|TXVzaGlzaGkgWm9rdSBTaG91IDJuZCBTZWFzb24=|2
TWFob3UgU2hvdWpvIEx5cmljYWwgTmFub2hhOiBUaGUgTW92aWUgMm5kIEEncw==|TWFob3UgU2hvdWpvIEx5cmljYWwgTmFub2hhOiBUaGUgTW92aWUgMXN0|2
TWFob3UgU2hvdWpvIEx5cmljYWwgTmFub2hhOiBUaGUgTW92aWUgMm5kIEEncw==|TWFob3UgU2hvdWpvIEx5cmljYWwgTmFub2hhOiBSZWZsZWN0aW9u|1
RmF0ZS9aZXJvIDJuZCBTZWFzb24=|RmF0ZS9zdGF5IG5pZ2h0IE1vdmllOiBIZWF2ZW4ncyBGZWVsIC0gSS4gUHJlc2FnZSBGbG93ZXI=|1
TXVzaGlzaGk6IEhpaGFtdWthZ2U=|TXVzaGlzaGkgWm9rdSBTaG91|1
SGlndXJhc2hpIG5vIE5ha3UgS29ybyBuaSBLYWk=|SGlndXJhc2hpIG5vIE5ha3UgS29ybyBuaQ==|1
TW9ub2dhdGFyaSBTZXJpZXM6IFNlY29uZCBTZWFzb24=|S295b21pbW9ub2dhdGFyaQ==|1
TWFob3V0c3VrYWkgbm8gWW9tZTogSG9zaGkgTWF0c3UgSGl0bw==|TWFob3V0c3VrYWkgbm8gWW9tZQ==|1
S2FyYSBubyBLeW91a2FpOiBNYW5uZXIgTW92aWVz|S2FyYSBubyBLeW91a2FpIDM6IFRzdXVrYWt1IFphbnJ5dXU=|2
TmVrb21vbm9nYXRhcmk6IEt1cm8=|S2l6dW1vbm9nYXRhcmkgSUlJOiBSZWlrZXRzdS1oZW4=|1
S2lubyBubyBUYWJpOiBUaGUgQmVhdXRpZnVsIFdvcmxkIC0gTmFuaWthIHdvIFN1cnUgVGFtZSBuaSAtIExpZmUgR29lcyBPbi4=|S2lubyBubyBUYWJpOiBUaGUgQmVhdXRpZnVsIFdvcmxk|2
Q2FuZHkgQ2FuZHk6IEhhcnUgbm8gWW9iaWdvZQ==|Q2FuZHkgQ2FuZHkgKE1vdmllKQ==|2
QmVyc2VyazogT3Vnb24gSmlkYWktaGVuIEkgLSBIYW91IG5vIFRhbWFnbw==|QmVyc2VyazogT3Vnb24gSmlkYWktaGVuIElJIC0gRG9sZHJleSBLb3VyeWFrdQ==|1
ZWY6IEEgVGFsZSBvZiBNZW1vcmllcy4=|ZWY6IEEgVGFsZSBvZiBNZWxvZGllcy4=|1
S2FyYSBubyBLeW91a2FpOiBNYW5uZXIgTW92aWVz|S2FyYSBubyBLeW91a2FpIDQ6IEdhcmFuIG5vIERvdQ==|2
S2FyYSBubyBLeW91a2FpOiBNYW5uZXIgTW92aWVz|S2FyYSBubyBLeW91a2FpIDY6IEJvdWt5YWt1IFJva3Vvbg==|2
RmF0ZS9zdGF5IG5pZ2h0OiBVbmxpbWl0ZWQgQmxhZGUgV29ya3M=|RmF0ZS9zdGF5IG5pZ2h0IE1vdmllOiBIZWF2ZW4ncyBGZWVsIC0gSS4gUHJlc2FnZSBGbG93ZXI=|1
VHN1a2ltb25vZ2F0YXJp|T3dhcmltb25vZ2F0YXJp|2
TmF0c3VtZSBZdXVqaW5jaG91|Wm9rdSBOYXRzdW1lIFl1dWppbmNob3U=|1
eHh4SE9MaUMgS2Vp|eHh4SE9MaUM=|1
S2FyYSBubyBLeW91a2FpOiBNaXJhaSBGdWt1aW4=|S2FyYSBubyBLeW91a2FpIDg6IFNodXVzaG91|1
Tm9kYW1lIENhbnRhYmlsZTogUGFyaXMtaGVu|Tm9kYW1lIENhbnRhYmlsZSBPVkE=|1
U2hpbmdla2kgbm8gQmFoYW11dDogR2VuZXNpcw==|TWFuYXJpYSBGcmllbmRz|1
SGFpa3l1dSEhIFNlY29uZCBTZWFzb24=|SGFpa3l1dSEhOiBLYXJhc3VubyBLb3Vrb3UgdnMuIFNoaXJhdG9yaXphd2EgR2FrdWVuIEtvdWtvdQ==|1
TWFkZSBpbiBBYnlzcyBNb3ZpZSAzOiBGdWtha2kgVGFtYXNoaWkgbm8gUmVpbWVp|TWFkZSBpbiBBYnlzcyBNb3ZpZSAyOiBIb3Vyb3UgU3VydSBUYXNvZ2FyZQ==|2
TmVrb21vbm9nYXRhcmk6IEt1cm8=|S295b21pbW9ub2dhdGFyaQ==|1
U2hpbmdla2kgbm8gQmFoYW11dDogR2VuZXNpcw==|U2hpbmdla2kgbm8gQmFoYW11dDogVmlyZ2luIFNvdWw=|2
TG9yZCBFbC1NZWxsb2kgSUkgU2VpIG5vIEppa2VuYm86IFJhaWwgWmVwcGVsaW4gR3JhY2UgTm90ZSAtIEhha2Ftb3JpIHRvIE5la28gdG8gTWFqdXRzdXNoaQ==|TG9yZCBFbC1NZWxsb2kgSUkgU2VpIG5vIEppa2VuYm86IFJhaWwgWmVwcGVsaW4gR3JhY2UgTm90ZQ==|1
S2lubyBubyBUYWJpOiBUaGUgQmVhdXRpZnVsIFdvcmxkIC0gVGhlIEFuaW1hdGVkIFNlcmllcw==|S2lubyBubyBUYWJpOiBUaGUgQmVhdXRpZnVsIFdvcmxk|2
S2lubyBubyBUYWJpOiBUaGUgQmVhdXRpZnVsIFdvcmxkIC0gQnlvdWtpIG5vIEt1bmkgLSBGb3IgWW91|S2lubyBubyBUYWJpOiBUaGUgQmVhdXRpZnVsIFdvcmxk|1
U3dvcmQgQXJ0IE9ubGluZSBJSQ==|U3dvcmQgQXJ0IE9ubGluZSBBbHRlcm5hdGl2ZTogR3VuIEdhbGUgT25saW5l|1
SGFqaW1lIG5vIElwcG86IFJpc2luZw==|SGFqaW1lIG5vIElwcG86IE5ldyBDaGFsbGVuZ2Vy|1
S2FyYSBubyBLeW91a2FpIDE6IEZ1a2FuIEZ1dWtlaQ==|S2FyYSBubyBLeW91a2FpIDI6IFNhdHN1amluIEtvdXNhdHN1IChaZW4p|1
VG91Y2g=|TWl4|1
S295b21pbW9ub2dhdGFyaQ==|QmFrZW1vbm9nYXRhcmk=|2
UHN5Y2hvLVBhc3M6IFNpbm5lcnMgb2YgdGhlIFN5c3RlbSBDYXNlLjMgLSBPbnNodXUgbm8gS2FuYXRhIG5p77y/77y/|UHN5Y2hvLVBhc3MgMw==|1
S29ubyBPdG8gVG9tYXJlIQ==|S29ubyBPdG8gVG9tYXJlISAybmQgU2Vhc29u|2
SHVudGVyIHggSHVudGVyICgyMDExKQ==|SHVudGVyIHggSHVudGVy|1
TmV3IEluaXRpYWwgRCBNb3ZpZTogTGVnZW5kIDIgLSBUb3Vzb3U=|TmV3IEluaXRpYWwgRCBNb3ZpZTogTGVnZW5kIDMgLSBNdWdlbg==|2
SHVudGVyIHggSHVudGVyOiBPcmlnaW5hbCBWaWRlbyBBbmltYXRpb24=|SHVudGVyIHggSHVudGVyOiBHcmVlZCBJc2xhbmQ=|1
RmF0ZS9aZXJvIDJuZCBTZWFzb24=|RmF0ZS9zdGF5IG5pZ2h0OiBVbmxpbWl0ZWQgQmxhZGUgV29ya3MgUHJvbG9ndWU=|1
TXVzaGlzaGk6IEhpaGFtdWthZ2U=|TXVzaGlzaGk=|1
U2FpdW5rb2t1IE1vbm9nYXRhcmkgMm5kIFNlYXNvbg==|U2FpdW5rb2t1IE1vbm9nYXRhcmk=|2
S2FyYSBubyBLeW91a2FpOiBNYW5uZXIgTW92aWVz|S2FyYSBubyBLeW91a2FpIDI6IFNhdHN1amluIEtvdXNhdHN1IChaZW4p|2
UnVyb3VuaSBLZW5zaGluOiBNZWlqaSBLZW5rYWt1IFJvbWFudGFuIC0gVHN1aW9rdS1oZW4=|UnVyb3VuaSBLZW5zaGluOiBNZWlqaSBLZW5rYWt1IFJvbWFudGFu|1
S2FyYSBubyBLeW91a2FpOiBNYW5uZXIgTW92aWVz|S2FyYSBubyBLeW91a2FpIDE6IEZ1a2FuIEZ1dWtlaQ==|2
RHVyYXJhcmEhIQ==|RHVyYXJhcmEhISBTcGVjaWFscw==|1
S2FyYSBubyBLeW91a2FpOiBNYW5uZXIgTW92aWVz|S2FyYSBubyBLeW91a2FpIDc6IFNhdHN1amluIEtvdXNhdHN1IChHbyk=|2
TmVrb21vbm9nYXRhcmk6IEt1cm8=|QmFrZW1vbm9nYXRhcmk=|2
U3dvcmQgQXJ0IE9ubGluZTogRXh0cmEgRWRpdGlvbg==|U3dvcmQgQXJ0IE9ubGluZSBJSQ==|1
TmF0c3VtZSBZdXVqaW5jaG91IFNoaQ==|TmF0c3VtZSBZdXVqaW5jaG91IEdv|1
QmFrdW1hbi4gMm5kIFNlYXNvbg==|QmFrdW1hbi4=|2
TmlzZW1vbm9nYXRhcmk=|S295b21pbW9ub2dhdGFyaQ==|2
UHN5Y2hvLVBhc3MgTW92aWU=|UHN5Y2hvLVBhc3M6IFNpbm5lcnMgb2YgdGhlIFN5c3RlbSBDYXNlLjEgLSBUc3VtaSB0byBCYWNoaQ==|2
S2l6dW1vbm9nYXRhcmkgSUk6IE5la2tldHN1LWhlbg==|S2l6dW1vbm9nYXRhcmkgSTogVGVra2V0c3UtaGVu|1
THVwaW4gSUlJOiBUaGUgRmlyc3Q=|S3VyZW5haSBubyBCdXRh|2
U3RlaW5zO0dhdGUgMA==|U3RlaW5zO0dhdGU6IEt5b3VrYWltZW5qb3Ugbm8gTWlzc2luZyBMaW5rIC0gRGl2aWRlIEJ5IFplcm8=|2
S291a2FrdSBLaWRvdXRhaQ==|SW5ub2NlbmNl|1
RnVsbCBNZXRhbCBQYW5pYyEgVGhlIFNlY29uZCBSYWlkOiBXYXJpIHRvIEhpbWEgbmEgU2VudGFpY2hvdSBubyBJY2hpbmljaGk=|RnVsbCBNZXRhbCBQYW5pYyEgVGhlIFNlY29uZCBSYWlk|2
U2Vpc2h1biBCdXRhIFlhcm91IHdhIEJ1bm55IEdpcmwgU2VucGFpIG5vIFl1bWUgd28gTWluYWk=|U2Vpc2h1biBCdXRhIFlhcm91IHdhIFl1bWVtaXJ1IFNob3VqbyBubyBZdW1lIHdvIE1pbmFp|1
WW9ydSB3YSBNaWppa2FzaGkgQXJ1a2V5byBPdG9tZQ==|WW9qb3VoYW4gU2hpbndhIFRhaWtlaQ==|1
TWFob3UgU2hvdWpvIE1hZG9rYeKYhU1hZ2ljYSBNb3ZpZSAxOiBIYWppbWFyaSBubyBNb25vZ2F0YXJp|TWFob3UgU2hvdWpvIE1hZG9rYeKYhU1hZ2ljYSBNb3ZpZSAyOiBFaWVuIG5vIE1vbm9nYXRhcmk=|2
TWFpc29uIElra29rdQ==|TWFpc29uIElra29rdTogU2hpa2kgVXRzdXJpeXVrdSBLaXNldHN1IG5vIE5ha2EgZGU=|2
Q29ycHNlIFBhcnR5OiBNaXNzaW5nIEZvb3RhZ2U=|Q29ycHNlIFBhcnR5OiBUb3J0dXJlZCBTb3VscyAtIEJvdWd5YWt1c2FyZXRhIFRhbWFzaGlpIG5vIEp1a3lvdQ==|2
TWFob3UgU2hvdWpvIE1hZG9rYeKYhU1hZ2ljYSBNb3ZpZSAxOiBIYWppbWFyaSBubyBNb25vZ2F0YXJp|TWFob3UgU2hvdWpvIE1hZG9rYeKYhU1hZ2ljYQ==|2
TWFob3UgU2hvdWpvIE1hZG9rYeKYhU1hZ2ljYTogQ29uY2VwdCBNb3ZpZQ==|TWFob3UgU2hvdWpvIE1hZG9rYeKYhU1hZ2ljYQ==|2
VHN1YmFzYSBDaHJvbmljbGU=|eHh4SE9MaUM=|2
TWFob3UgU2hvdWpvIE1hZG9rYeKYhU1hZ2ljYSBNb3ZpZSAzOiBIYW5neWFrdSBubyBNb25vZ2F0YXJp|TWFob3UgU2hvdWpvIE1hZG9rYeKYhU1hZ2ljYQ==|2
S291a2FrdSBLaWRvdXRhaTogU3RhbmQgQWxvbmUgQ29tcGxleCAtIFNvbGlkIFN0YXRlIFNvY2lldHk=|S291a2FrdSBLaWRvdXRhaTogU0FDXzIwNDU=|1
TWFnaWEgUmVjb3JkOiBNYWhvdSBTaG91am8gTWFkb2th4piGTWFnaWNhIEdhaWRlbiAoVFYp|TWFob3UgU2hvdWpvIE1hZG9rYeKYhU1hZ2ljYQ==|2
TWFob3UgU2hvdWpvIE1hZG9rYeKYhU1hZ2ljYSBNb3ZpZSAyOiBFaWVuIG5vIE1vbm9nYXRhcmk=|TWFob3UgU2hvdWpvIE1hZG9rYeKYhU1hZ2ljYQ==|1
S291a2FrdSBLaWRvdXRhaQ==|S291a2FrdSBLaWRvdXRhaSAyLjA=|1
RWxmZW4gTGllZA==|RWxmZW4gTGllZDogVG9vcmlhbWUgbml0ZSBBcnVpIHdhLCBTaG91am8gd2EgSWthbmkgU2hpdGUgU29ubyBTaGluam91IG5pIEl0YXR0YSBrYT8gLSBSZWdlbnNjaGF1ZXI=|1
U2hpa2kgU3BlY2lhbHM=|U2hpa2k=|1
S291a2FrdSBLaWRvdXRhaTogU0FDXzIwNDU=|S291a2FrdSBLaWRvdXRhaQ==|2
SGFpa3l1dSEh|SGFpa3l1dSEhIFNlY29uZCBTZWFzb24=|1
RnVyaWtv|VHN1bWlraSBubyBJZQ==|2
Qm9rdSBkYWtlIGdhIEluYWkgTWFjaGk=|VG9raSB3byBLYWtlcnUgU2hvdWpv|2
U2VuIHRvIENoaWhpcm8gbm8gS2FtaWtha3VzaGk=|VG9raSB3byBLYWtlcnUgU2hvdWpv|1
QWtpcmE=|U2VuIHRvIENoaWhpcm8gbm8gS2FtaWtha3VzaGk=|2
Qm9rdSBkYWtlIGdhIEluYWkgTWFjaGk=|TkhLIG5pIFlvdWtvc28h|1
Qm9rdSBkYWtlIGdhIEluYWkgTWFjaGk=|U2Vpc2h1biBCdXRhIFlhcm91IHdhIFl1bWVtaXJ1IFNob3VqbyBubyBZdW1lIHdvIE1pbmFp|1
Qm9rdSBkYWtlIGdhIEluYWkgTWFjaGk=|UmVMSUZFOiBLYW5rZXRzdS1oZW4=|1
Qm9rdSBkYWtlIGdhIEluYWkgTWFjaGk=|SGlnYXNoaSBubyBFZGVu|1
Qm9rdSBkYWtlIGdhIEluYWkgTWFjaGk=|SGlndXJhc2hpIG5vIE5ha3UgS29ybyBuaQ==|1
Qm9rdSBkYWtlIGdhIEluYWkgTWFjaGk=|My1nYXRzdSBubyBMaW9u|1
Qm9rdSBkYWtlIGdhIEluYWkgTWFjaGk=|UmU6WmVybyBrYXJhIEhhamltZXJ1IElzZWthaSBTZWlrYXRzdSAybmQgU2Vhc29u|1
Qm9rdSBkYWtlIGdhIEluYWkgTWFjaGk=|UmU6WmVybyBrYXJhIEhhamltZXJ1IElzZWthaSBTZWlrYXRzdQ==|1
Qm9rdSBkYWtlIGdhIEluYWkgTWFjaGk=|R29zaWNr|1
Qm9rdSBkYWtlIGdhIEluYWkgTWFjaGk=|SG90YXJ1Ymkgbm8gTW9yaSBl|2
Qm9rdSBkYWtlIGdhIEluYWkgTWFjaGk=|QW5vIEhpIE1pdGEgSGFuYSBubyBOYW1hZSB3byBCb2t1dGFjaGkgd2EgTWFkYSBTaGlyYW5haS4=|1
Qm9rdSBkYWtlIGdhIEluYWkgTWFjaGk=|TWF3YXJ1IFBlbmd1aW5kcnVt|1
Qm9rdSBkYWtlIGdhIEluYWkgTWFjaGk=|U3V6dW1peWEgSGFydWhpIG5vIFNob3VzaGl0c3U=|1
Qm9rdSBkYWtlIGdhIEluYWkgTWFjaGk=|S2lzZWlqdXU6IFNlaSBubyBLYWt1cml0c3U=|2
Qm9rdSBkYWtlIGdhIEluYWkgTWFjaGk=|S29ra29rdQ==|1
Qm9rdSBkYWtlIGdhIEluYWkgTWFjaGk=|QnlvdXNva3UgNSBDZW50aW1ldGVy|1
Qm9rdSBkYWtlIGdhIEluYWkgTWFjaGk=|S2ltaSBubyBTdWl6b3Ugd28gVGFiZXRhaQ==|1
Qm9rdSBkYWtlIGdhIEluYWkgTWFjaGk=|Q29sb3JmdWwgKE1vdmllKQ==|1
Qm9rdSBkYWtlIGdhIEluYWkgTWFjaGk=|WW9qb3VoYW4gU2hpbndhIFRhaWtlaQ==|1
Qm9rdSBkYWtlIGdhIEluYWkgTWFjaGk=|S2ltaSBubyBOYSB3YS4=|2
Qm9rdSBkYWtlIGdhIEluYWkgTWFjaGk=|TWFob3UgU2hvdWpvIE1hZG9rYeKYhU1hZ2ljYQ==|2
Qm9rdSBkYWtlIGdhIEluYWkgTWFjaGk=|QWppbg==|1
Qm9rdSBkYWtlIGdhIEluYWkgTWFjaGk=|Q2xhbm5hZDogQWZ0ZXIgU3Rvcnk=|1
Qm9rdSBkYWtlIGdhIEluYWkgTWFjaGk=|SXJvenVrdSBTZWthaSBubyBBc2hpdGEga2FyYQ==|1
Qm9rdSBkYWtlIGdhIEluYWkgTWFjaGk=|SWQ6SW52YWRlZA==|1
Qm9rdSBkYWtlIGdhIEluYWkgTWFjaGk=|WWFrdXNva3Ugbm8gTmV2ZXJsYW5k|1
Qm9rdSBkYWtlIGdhIEluYWkgTWFjaGk=|TmF0c3VtZSBZdXVqaW5jaG91IEdv|1
VGVua3V1IG5vIFNoaXJvIExhcHV0YQ==|S2FyaWd1cmFzaGkgbm8gQXJyaWV0dHk=|1
VGVua3V1IG5vIFNoaXJvIExhcHV0YQ==|S2F6ZSBubyBUYW5pIG5vIE5hdXNpY2HDpA==|1
QWtpcmE=|S2F6ZSBubyBUYW5pIG5vIE5hdXNpY2HDpA==|2
QWtpcmE=|SmluLVJvdQ==|1
QWtpcmE=|RXJnbyBQcm94eQ==|1
QWtpcmE=|TWFob3UgU2hvdWpvIE1hZG9rYeKYhU1hZ2ljYQ==|2
QWtpcmE=|RHVyYXJhcmEhIQ==|1
QWtpcmE=|UGFwcmlrYQ==|1
QWtpcmE=|U2VyaWFsIEV4cGVyaW1lbnRzIExhaW4=|1
QWtpcmE=|UGVyZmVjdCBCbHVl|1
VHN1bWlraSBubyBJZQ==|VGhlcmUgU2hlIElzISE=|1
U2FtdXJhaSBDaGFtcGxvbw==|RXJnbyBQcm94eQ==|1
U2FtdXJhaSBDaGFtcGxvbw==|S2F0YW5hZ2F0YXJp|1
VHN1bWlraSBubyBJZQ==|U3VtbWVyIFdhcnM=|1
U2FtdXJhaSBDaGFtcGxvbw==|U2FyYWl5YSBHb3lvdQ==|1
SGFpa3l1dSEh|SGFuZWJhZG8h|1
SGFpa3l1dSEh|QmFrdW1hbi4=|2
SGFpa3l1dSEh|S2ltaSBuaSBUb2Rva2U=|2
SGFpa3l1dSEh|T25lIFBpZWNl|1
SGFpa3l1dSEh|T25lIE91dHM=|1
SGFpa3l1dSEh|UGluZyBQb25nIHRoZSBBbmltYXRpb24=|2
SGFpa3l1dSEh|U2hva3VnZWtpIG5vIFNvdW1h|1
SGFpa3l1dSEh|SGFqaW1lIG5vIElwcG8=|2
SGFpa3l1dSEh|TWFqb3IgUzE=|1
SGFpa3l1dSEh|S29ubyBPdG8gVG9tYXJlIQ==|2
SGFpa3l1dSEh|S2FsZWlkbyBTdGFy|1
SGFpa3l1dSEh|QmVjaw==|1
SGFpa3l1dSEh|S2F6ZSBnYSBUc3V5b2t1IEZ1aXRlaXJ1|1
SGFpa3l1dSEh|QmFyYWthbW9u|2
SGFpa3l1dSEh|QmFsbHJvb20gZSBZb3Vrb3Nv|1
SGFpa3l1dSEh|U3RlaW5zO0dhdGUgMA==|1
T3VyaXRzdSBVY2h1dWd1bjogSG9ubmVhbWlzZSBubyBUc3ViYXNh|TXVzZWtpbmluIEthbmNob3UgVHlsb3I=|2
T3VyaXRzdSBVY2h1dWd1bjogSG9ubmVhbWlzZSBubyBUc3ViYXNh|S2F6ZSBUYWNoaW51|2
T3VyaXRzdSBVY2h1dWd1bjogSG9ubmVhbWlzZSBubyBUc3ViYXNh|UGVyZmVjdCBCbHVl|2
T3VyaXRzdSBVY2h1dWd1bjogSG9ubmVhbWlzZSBubyBUc3ViYXNh|Q29sb3JmdWwgKE1vdmllKQ==|2
T3VyaXRzdSBVY2h1dWd1bjogSG9ubmVhbWlzZSBubyBUc3ViYXNh|S3VyZW5haSBubyBCdXRh|2
T3VyaXRzdSBVY2h1dWd1bjogSG9ubmVhbWlzZSBubyBUc3ViYXNh|RkxDTA==|2
T3VyaXRzdSBVY2h1dWd1bjogSG9ubmVhbWlzZSBubyBUc3ViYXNh|SmluLVJvdQ==|2
UGFsZSBDb2Nvb24=|RXJnbyBQcm94eQ==|1
VG9raSB3byBLYWtlcnUgU2hvdWpv|SG90YXJ1IG5vIEhha2E=|2
VG9raSB3byBLYWtlcnUgU2hvdWpv|VG9reW8gR29kZmF0aGVycw==|1
VG9raSB3byBLYWtlcnUgU2hvdWpv|VWNodXUgU2hvdyBlIFlvdWtvc28=|1
VG9raSB3byBLYWtlcnUgU2hvdWpv|U3VtbWVyIFdhcnM=|1
TWFnaWEgUmVjb3JkOiBNYWhvdSBTaG91am8gTWFkb2th4piGTWFnaWNhIEdhaWRlbiAoVFYp|R2ludGFtYQ==|2
TWFnaWEgUmVjb3JkOiBNYWhvdSBTaG91am8gTWFkb2th4piGTWFnaWNhIEdhaWRlbiAoVFYp|SGlndXJhc2hpIG5vIE5ha3UgS29ybyBuaQ==|2
TWFnaWEgUmVjb3JkOiBNYWhvdSBTaG91am8gTWFkb2th4piGTWFnaWNhIEdhaWRlbiAoVFYp|TWF3YXJ1IFBlbmd1aW5kcnVt|2
U3RlaW5zO0dhdGUgMA==|UmU6WmVybyBrYXJhIEhhamltZXJ1IElzZWthaSBTZWlrYXRzdQ==|2
U3RlaW5zO0dhdGUgMA==|S291a2FrdSBLaWRvdXRhaQ==|2
U3RlaW5zO0dhdGUgMA==|U2Vpc2h1biBCdXRhIFlhcm91IHdhIFl1bWVtaXJ1IFNob3VqbyBubyBZdW1lIHdvIE1pbmFp|2
U2Vpc2h1biBCdXRhIFlhcm91IHdhIFl1bWVtaXJ1IFNob3VqbyBubyBZdW1lIHdvIE1pbmFp|VGVua2kgbm8gS28=|1
U2Vpc2h1biBCdXRhIFlhcm91IHdhIFl1bWVtaXJ1IFNob3VqbyBubyBZdW1lIHdvIE1pbmFp|TWFob3UgU2hvdWpvIE1hZG9rYeKYhU1hZ2ljYQ==|2
U2Vpc2h1biBCdXRhIFlhcm91IHdhIFl1bWVtaXJ1IFNob3VqbyBubyBZdW1lIHdvIE1pbmFp|QW5nZWwgQmVhdHMh|1
U2Vpc2h1biBCdXRhIFlhcm91IHdhIFl1bWVtaXJ1IFNob3VqbyBubyBZdW1lIHdvIE1pbmFp|U3V6dW1peWEgSGFydWhpIG5vIFNob3VzaGl0c3U=|2
U2Vpc2h1biBCdXRhIFlhcm91IHdhIFl1bWVtaXJ1IFNob3VqbyBubyBZdW1lIHdvIE1pbmFp|S2ltaSBubyBTdWl6b3Ugd28gVGFiZXRhaQ==|2
SnVuZ2xlIHdhIEl0c3VtbyBIYXJlIG5vY2hpIEd1dQ==|eHh4SE9MaUM=|2
SnVuZ2xlIHdhIEl0c3VtbyBIYXJlIG5vY2hpIEd1dQ==|RnVsbCBNZXRhbCBQYW5pYz8gRnVtb2ZmdQ==|2
VHN1YmFzYSBDaHJvbmljbGU=|Q2xhbm5hZA==|2
VHN1YmFzYSBDaHJvbmljbGU=|UHJpbmNlc3MgVHV0dQ==|2
VHN1YmFzYSBDaHJvbmljbGU=|S2lubyBubyBUYWJpOiBUaGUgQmVhdXRpZnVsIFdvcmxk|2
VHN1YmFzYSBDaHJvbmljbGU=|RnVsbG1ldGFsIEFsY2hlbWlzdDogQnJvdGhlcmhvb2Q=|2
VHN1YmFzYSBDaHJvbmljbGU=|U3V6dW1peWEgSGFydWhpIG5vIFl1dXV0c3U=|2
VHN1YmFzYSBDaHJvbmljbGU=|Q2FyZGNhcHRvciBTYWt1cmE=|2
VHN1YmFzYSBDaHJvbmljbGU=|TWFob3UgU2hvdWpvIE1hZG9rYeKYhU1hZ2ljYQ==|2
Q29ycHNlIFBhcnR5OiBNaXNzaW5nIEZvb3RhZ2U=|RWxmZW4gTGllZA==|2
Q29ycHNlIFBhcnR5OiBNaXNzaW5nIEZvb3RhZ2U=|SGlndXJhc2hpIG5vIE5ha3UgS29ybyBuaQ==|2
Q29ycHNlIFBhcnR5OiBNaXNzaW5nIEZvb3RhZ2U=|RWxmZW4gTGllZDogVG9vcmlhbWUgbml0ZSBBcnVpIHdhLCBTaG91am8gd2EgSWthbmkgU2hpdGUgU29ubyBTaGluam91IG5pIEl0YXR0YSBrYT8gLSBSZWdlbnNjaGF1ZXI=|2
TWFpc29uIElra29rdQ==|VG9yYWRvcmEh|2
TWFpc29uIElra29rdQ==|SGFjaGltaXRzdSB0byBDbG92ZXI=|1
TWFpc29uIElra29rdQ==|U2Nob29sIFJ1bWJsZQ==|1
TWFpc29uIElra29rdQ==|UnVyb3VuaSBLZW5zaGluOiBNZWlqaSBLZW5rYWt1IFJvbWFudGFu|1
TWFpc29uIElra29rdQ==|Q3Jvc3MgR2FtZQ==|2
Q2FyZGNhcHRvciBTYWt1cmE=|UHJpbmNlc3MgVHV0dQ==|2
Q2FyZGNhcHRvciBTYWt1cmE=|S2FsZWlkbyBTdGFy|1
Q2FyZGNhcHRvciBTYWt1cmE=|TWFob3UgU2hvdWpvIE1hZG9rYeKYhU1hZ2ljYQ==|2
Q2FyZGNhcHRvciBTYWt1cmE=|TGl0dGxlIFdpdGNoIEFjYWRlbWlhIChUVik=|2
Q2FyZGNhcHRvciBTYWt1cmE=|S2ltaSBuaSBUb2Rva2U=|2
Q2FyZGNhcHRvciBTYWt1cmE=|QWthZ2Ugbm8gQW5uZQ==|1
Q2FyZGNhcHRvciBTYWt1cmE=|TmF0c3VtZSBZdXVqaW5jaG91|2
Q2FyZGNhcHRvciBTYWt1cmE=|TWFqbyBubyBUYWtreXV1Ymlu|2
Q2FyZGNhcHRvciBTYWt1cmE=|eHh4SE9MaUM=|2
Q2FyZGNhcHRvciBTYWt1cmE=|VHN1a2kgZ2EgS2lyZWk=|2
U2hpa2k=|SGVsbHNpbmcgVWx0aW1hdGU=|1
U2hpa2k=|S2lzZWlqdXU6IFNlaSBubyBLYWt1cml0c3U=|1
U2hpa2k=|VG9uYXJpIG5vIEt5dXVrZXRzdWtpLXNhbg==|1
U2hpa2k=|TWFob3UgU2hvdWpvIE1hZG9rYeKYhU1hZ2ljYQ==|2
U2hpa2kgU3BlY2lhbHM=|QW5vdGhlcg==|1
U2hpa2kgU3BlY2lhbHM=|VG9reW8gR2hvdWw=|1
U2hpa2k=|eHh4SE9MaUM=|1
U2hpa2k=|SGlndXJhc2hpIG5vIE5ha3UgS29ybyBuaQ==|1
U2hpa2k=|SnV1bmkgS29rdWtp|1
U2hpa2k=|RXJnbyBQcm94eQ==|1
SW5ub2NlbmNl|RXJnbyBQcm94eQ==|1
SW5ub2NlbmNl|UGFwcmlrYQ==|2
WW9ydSB3YSBNaWppa2FzaGkgQXJ1a2V5byBPdG9tZQ==|TWF3YXJ1IFBlbmd1aW5kcnVt|1
WW9ydSB3YSBNaWppa2FzaGkgQXJ1a2V5byBPdG9tZQ==|UGFwcmlrYQ==|2
WW9ydSB3YSBNaWppa2FzaGkgQXJ1a2V5byBPdG9tZQ==|RHVyYXJhcmEhIQ==|1
RnVyaWtv|WW93YWkgTXVzaGk=|1
TWFob3UgU2hvdWpvIE1hZG9rYeKYhU1hZ2ljYSBNb3ZpZSAxOiBIYWppbWFyaSBubyBNb25vZ2F0YXJp|RXZhbmdlbGlvbjogMS4wIFlvdSBBcmUgKE5vdCkgQWxvbmU=|1
TWFob3UgU2hvdWpvIE1hZG9rYeKYhU1hZ2ljYSBNb3ZpZSAxOiBIYWppbWFyaSBubyBNb25vZ2F0YXJp|TWFob3UgU2hvdWpvIEx5cmljYWwgTmFub2hhOiBUaGUgTW92aWUgMXN0|1
TWFob3UgU2hvdWpvIE1hZG9rYeKYhU1hZ2ljYSBNb3ZpZSAxOiBIYWppbWFyaSBubyBNb25vZ2F0YXJp|SGlndXJhc2hpIG5vIE5ha3UgS29ybyBuaQ==|1
QW5pbWVnYXRhcmlz|RWl6b3VrZW4gbmkgd2EgVGUgd28gRGFzdSBuYSE=|2
R2xhc3Mgbm8gS2FtZW4gKDIwMDUp|UnVud2F5IGRlIFdhcmF0dGU=|1
R2xhc3Mgbm8gS2FtZW4gKDIwMDUp|S2Vtb25vIG5vIFNvdWphIEVyaW4=|1
My1nYXRzdSBubyBMaW9u|QmFyYWthbW9u|2
My1nYXRzdSBubyBMaW9u|SGlrYXJ1IG5vIEdv|2
My1nYXRzdSBubyBMaW9u|R2luIG5vIFNhamk=|2
My1nYXRzdSBubyBMaW9u|Q2hpaGF5YWZ1cnU=|1
My1nYXRzdSBubyBMaW9u|U2hvdXdhIEdlbnJva3UgUmFrdWdvIFNoaW5qdXU=|2
R2FtZXJzIQ==|TmV0LWp1dSBubyBTdXN1bWU=|2
R2FtZXJzIQ==|U2Nob29sIFJ1bWJsZQ==|1
R2FtZXJzIQ==|V290YWt1IG5pIEtvaSB3YSBNdXp1a2FzaGlp|2
R2FtZXJzIQ==|VG9yYWRvcmEh|2
R29ibGluIFNsYXllcg==|S2VucHV1IERlbmtpIEJlcnNlcms=|1
S2FsZWlkbyBTdGFy|TGl0dGxlIFdpdGNoIEFjYWRlbWlhIChUVik=|2
TWFob3UgU2hvdWpvIEx5cmljYWwgTmFub2hhOiBSZWZsZWN0aW9u|TWFob3UgU2hvdWpvIEx5cmljYWwgTmFub2hhOiBUaGUgTW92aWUgMm5kIEEncw==|2
R2ludGFtYQ==|UHJpc29uIFNjaG9vbA==|1
UHJpc29uIFNjaG9vbA==|U2hva3VnZWtpIG5vIFNvdW1h|2
Qm9rdSBubyBLYW5vam8gZ2EgTWFqaW1lc3VnaXJ1IFNoby1iaXRjaCBuYSBLZW4=|UHJpc29uIFNjaG9vbA==|2
QmFjayBTdHJlZXQgR2lybHM6IEdva3Vkb2xscw==|UHJpc29uIFNjaG9vbA==|2
UmFpbmJvdzogTmlzaGEgUm9rdWJvdSBubyBTaGljaGluaW4=|Um9tZW8gbm8gQW9pIFNvcmE=|2
UmFpbmJvdzogTmlzaGEgUm9rdWJvdSBubyBTaGljaGluaW4=|VG9reW8gTWFnbml0dWRlIDguMA==|2
UmFpbmJvdzogTmlzaGEgUm9rdWJvdSBubyBTaGljaGluaW4=|VGVuZ2VuIFRvcHBhIEd1cnJlbiBMYWdhbm4=|1
UGxhbmV0IFdpdGg=|VGVuZ2VuIFRvcHBhIEd1cnJlbiBMYWdhbm4=|1
VHJpZ3Vu|VHJpZ3VuOiBCYWRsYW5kcyBSdW1ibGU=|2
R2ludGFtYQ==|VHJpZ3Vu|1
QmxhY2sgTGFnb29u|VHJpZ3Vu|2
SGVsbHNpbmcgVWx0aW1hdGU=|VHJpZ3Vu|1
RHVyYXJhcmEhIQ==|VHJpZ3Vu|1
Q293Ym95IEJlYm9wOiBUZW5nb2t1IG5vIFRvYmlyYQ==|VHJpZ3VuOiBCYWRsYW5kcyBSdW1ibGU=|1
RmF0ZS9zdGF5IG5pZ2h0OiBVbmxpbWl0ZWQgQmxhZGUgV29ya3MgUHJvbG9ndWU=|RmF0ZS9aZXJvIDJuZCBTZWFzb24=|2
RmF0ZS9zdGF5IG5pZ2h0IE1vdmllOiBIZWF2ZW4ncyBGZWVsIC0gSS4gUHJlc2FnZSBGbG93ZXI=|RmF0ZS9aZXJvIDJuZCBTZWFzb24=|2
RmF0ZS9zdGF5IG5pZ2h0OiBVbmxpbWl0ZWQgQmxhZGUgV29ya3M=|RmF0ZS9aZXJvIDJuZCBTZWFzb24=|2
RnVsbG1ldGFsIEFsY2hlbWlzdDogQnJvdGhlcmhvb2Q=|TWFkZSBpbiBBYnlzcw==|1
RnVsbG1ldGFsIEFsY2hlbWlzdDogQnJvdGhlcmhvb2Q=|SHVudGVyIHggSHVudGVyICgyMDExKQ==|2
S2F0YW5hZ2F0YXJp|TW9ub2dhdGFyaSBTZXJpZXM6IFNlY29uZCBTZWFzb24=|1
S2F0YW5hZ2F0YXJp|WmVybyBrYXJhIEhhamltZXJ1IE1haG91IG5vIFNobw==|1
S2F0YW5hZ2F0YXJp|T29rYW1pIHRvIEtvdXNoaW5yeW91|1
S2F0YW5hZ2F0YXJp|S295b21pbW9ub2dhdGFyaQ==|1
S2ltaSBubyBOYSB3YS4=|S29lIG5vIEthdGFjaGk=|1
SXJvenVrdSBTZWthaSBubyBBc2hpdGEga2FyYQ==|S2ltaSBubyBOYSB3YS4=|2
S2ltaSBubyBOYSB3YS4=|U3RlaW5zO0dhdGUgTW92aWU6IEZ1a2EgUnlvdWlraSBubyBEw6lqw6AgdnU=|1
TXVzaGlzaGk=|TXVzaGlzaGk6IEhpaGFtdWthZ2U=|2
TXVzaGlzaGk=|TXVzaGlzaGkgWm9rdSBTaG91|1
S2lubyBubyBUYWJpOiBUaGUgQmVhdXRpZnVsIFdvcmxk|TXVzaGlzaGk=|2
TXVzaGlzaGkgWm9rdSBTaG91IDJuZCBTZWFzb24=|TXVzaGlzaGkgWm9rdSBTaG91OiBPZG9ybyBubyBNaWNoaQ==|2
TmF0c3VtZSBZdXVqaW5jaG91|TmF0c3VtZSBZdXVqaW5jaG91OiBJdHN1a2EgWXVraSBubyBIaSBuaQ==|2
Tm9kYW1lIENhbnRhYmlsZSBPVkE=|Tm9kYW1lIENhbnRhYmlsZTogUGFyaXMtaGVu|2
TWFkZSBpbiBBYnlzcw==|UmU6WmVybyBrYXJhIEhhamltZXJ1IElzZWthaSBTZWlrYXRzdQ==|1
UnVyb3VuaSBLZW5zaGluOiBNZWlqaSBLZW5rYWt1IFJvbWFudGFuIC0gVHN1aW9rdS1oZW4=|U3RyYW5nZXI6IE11a291IEhhZGFu|1
UnVyb3VuaSBLZW5zaGluOiBNZWlqaSBLZW5rYWt1IFJvbWFudGFu|UnVyb3VuaSBLZW5zaGluOiBNZWlqaSBLZW5rYWt1IFJvbWFudGFuIC0gVHN1aW9rdS1oZW4=|2
UGluZyBQb25nIHRoZSBBbmltYXRpb24=|U2FrYW1pY2hpIG5vIEFwb2xsb24=|2
U2FrYW1pY2hpIG5vIEFwb2xsb24=|U2hpZ2F0c3Ugd2EgS2ltaSBubyBVc28=|1
QUNDQTogMTMta3UgS2Fuc2F0c3Uta2E=|U2hvdXdhIEdlbnJva3UgUmFrdWdvIFNoaW5qdXU=|2
U2FyYWl5YSBHb3lvdQ==|U2hvdXdhIEdlbnJva3UgUmFrdWdvIFNoaW5qdXU=|2
U3RlaW5zO0dhdGUgTW92aWU6IEZ1a2EgUnlvdWlraSBubyBEw6lqw6AgdnU=|U3RlaW5zO0dhdGU6IE91a291YmFra28gbm8gUG9yaW9tYW5pYQ==|1
S2FyYSBubyBLeW91a2FpIDU6IE11anVuIFJhc2Vu|U3RlaW5zO0dhdGUgTW92aWU6IEZ1a2EgUnlvdWlraSBubyBEw6lqw6AgdnU=|1
Q3Jvc3MgR2FtZQ==|VWNob3V0ZW4gS2F6b2t1|1
QmFyYWthbW9u|VXNhZ2kgRHJvcA==|2
QmFrZW1vbm8gbm8gS28=|VXNhZ2kgRHJvcA==|2
T21hZSBVbWFzb3UgZGEgbmE=|VXNhZ2kgRHJvcA==|2
U2F5b25hcmEgbm8gQXNhIG5pIFlha3Vzb2t1IG5vIEhhbmEgd28gS2F6YXJvdQ==|VXNhZ2kgRHJvcA==|2
T29rYW1pIEtvZG9tbyBubyBBbWUgdG8gWXVraQ==|VXNhZ2kgRHJvcA==|1
QW5nZWwgQmVhdHMh|S2Fub24gKDIwMDYp|1
QW5nZWwgQmVhdHMh|U2hpZ2F0c3Ugd2EgS2ltaSBubyBVc28=|2
QW5nZWwgQmVhdHMh|RnVsbCBNb29uIHdvIFNhZ2FzaGl0ZQ==|1
QW5nZWwgQmVhdHMh|Q2xhbm5hZA==|1
QW5nZWwgQmVhdHMh|Q2xhbm5hZDogQWZ0ZXIgU3Rvcnk=|1
QW5nZWwgQmVhdHMh|Wm9tYmllbGFuZCBTYWdh|2
RmF0ZS9BcG9jcnlwaGE=|RmF0ZS9zdGF5IG5pZ2h0OiBVbmxpbWl0ZWQgQmxhZGUgV29ya3M=|2
S29uYmluaSBLYXJlc2hp|VHN1cmV6dXJlIENoaWxkcmVu|1
R2ludGFtYQ==|R3JlYXQgVGVhY2hlciBPbml6dWth|1
QW5vIEhpIE1pdGEgSGFuYSBubyBOYW1hZSB3byBCb2t1dGFjaGkgd2EgTWFkYSBTaGlyYW5haS4=|U2Vpc2h1biBCdXRhIFlhcm91IHdhIEJ1bm55IEdpcmwgU2VucGFpIG5vIFl1bWUgd28gTWluYWk=|2
QW5vIEhpIE1pdGEgSGFuYSBubyBOYW1hZSB3byBCb2t1dGFjaGkgd2EgTWFkYSBTaGlyYW5haS4=|S2Fub24gKDIwMDYp|1
QW5vIEhpIE1pdGEgSGFuYSBubyBOYW1hZSB3byBCb2t1dGFjaGkgd2EgTWFkYSBTaGlyYW5haS4=|VG9reW8gTWFnbml0dWRlIDguMA==|1
QW5vIEhpIE1pdGEgSGFuYSBubyBOYW1hZSB3byBCb2t1dGFjaGkgd2EgTWFkYSBTaGlyYW5haS4=|S29rb3JvIGdhIFNha2ViaXRhZ2F0dGVydW5kYS4=|1
QW5vIEhpIE1pdGEgSGFuYSBubyBOYW1hZSB3byBCb2t1dGFjaGkgd2EgTWFkYSBTaGlyYW5haS4=|S29lIG5vIEthdGFjaGk=|2
QW5vIEhpIE1pdGEgSGFuYSBubyBOYW1hZSB3byBCb2t1dGFjaGkgd2EgTWFkYSBTaGlyYW5haS4=|U2hpZ2F0c3Ugd2EgS2ltaSBubyBVc28=|2
QW5vIEhpIE1pdGEgSGFuYSBubyBOYW1hZSB3byBCb2t1dGFjaGkgd2EgTWFkYSBTaGlyYW5haS4=|Q2xhbm5hZA==|1
QW5vIEhpIE1pdGEgSGFuYSBubyBOYW1hZSB3byBCb2t1dGFjaGkgd2EgTWFkYSBTaGlyYW5haS4=|Q2xhbm5hZDogQWZ0ZXIgU3Rvcnk=|1
S2FyYSBubyBLeW91a2FpIDU6IE11anVuIFJhc2Vu|S2FyYSBubyBLeW91a2FpOiBNYW5uZXIgTW92aWVz|1
S2lubyBubyBUYWJpOiBUaGUgQmVhdXRpZnVsIFdvcmxk|S2lubyBubyBUYWJpOiBUaGUgQmVhdXRpZnVsIFdvcmxkIC0gTmFuaWthIHdvIFN1cnUgVGFtZSBuaSAtIExpZmUgR29lcyBPbi4=|1
S2lubyBubyBUYWJpOiBUaGUgQmVhdXRpZnVsIFdvcmxk|S2lubyBubyBUYWJpOiBUaGUgQmVhdXRpZnVsIFdvcmxkIC0gQnlvdWtpIG5vIEt1bmkgLSBGb3IgWW91|1
S2lubyBubyBUYWJpOiBUaGUgQmVhdXRpZnVsIFdvcmxk|S2lubyBubyBUYWJpOiBUaGUgQmVhdXRpZnVsIFdvcmxkIC0gVGhlIEFuaW1hdGVkIFNlcmllcw==|1
S2lubyBubyBUYWJpOiBUaGUgQmVhdXRpZnVsIFdvcmxk|TW9ub25va2U=|1
S2lubyBubyBUYWJpOiBUaGUgQmVhdXRpZnVsIFdvcmxk|T2ppaXNhbiBubyBMYW1w|1
S2lubyBubyBUYWJpOiBUaGUgQmVhdXRpZnVsIFdvcmxk|TW9uc3Rlcg==|2
TWFob3V0c3VrYWkgbm8gWW9tZQ==|TWFob3V0c3VrYWkgbm8gWW9tZTogSG9zaGkgTWF0c3UgSGl0bw==|2
TXVzaGlzaGkgWm9rdSBTaG91|TXVzaGlzaGk6IEhpaGFtdWthZ2U=|2
TW9ub25va2U=|TXVzaGlzaGkgWm9rdSBTaG91|2
QmFjY2FubyE=|RGFya2VyIHRoYW4gQmxhY2s6IEt1cm8gbm8gS2VpeWFrdXNoYQ==|2
QUNDQTogMTMta3UgS2Fuc2F0c3Uta2E=|QmFjY2FubyE=|2
QmFrZW1vbm9nYXRhcmk=|TmVrb21vbm9nYXRhcmk6IEt1cm8=|2
QmFrZW1vbm9nYXRhcmk=|S3ViaWtpcmkgQ3ljbGU6IEFvaXJvIFNhdmFudCB0byBaYXJlZ290b3RzdWthaQ==|2
QmFrZW1vbm9nYXRhcmk=|S295b21pbW9ub2dhdGFyaQ==|1
QmFrZW1vbm9nYXRhcmk=|TmlzZW1vbm9nYXRhcmk=|1
TWFob3UgU2hvdWpvIEx5cmljYWwgTmFub2hhOiBUaGUgTW92aWUgMXN0|TWFob3UgU2hvdWpvIEx5cmljYWwgTmFub2hhOiBUaGUgTW92aWUgMm5kIEEncw==|1
TWFuYXJpYSBGcmllbmRz|U2hpbmdla2kgbm8gQmFoYW11dDogR2VuZXNpcw==|2
UmVMSUZFOiBLYW5rZXRzdS1oZW4=|U3RlaW5zO0dhdGU6IE91a291YmFra28gbm8gUG9yaW9tYW5pYQ==|2
QmFrdW1hbi4=|QmFrdW1hbi4gMm5kIFNlYXNvbg==|1
QnlvdXNva3UgNSBDZW50aW1ldGVy|Q2xhbm5hZDogQWZ0ZXIgU3Rvcnk=|1
Q29kZSBHZWFzczogSGFuZ3lha3Ugbm8gTGVsb3VjaCBSMg==|RGVhdGggTm90ZQ==|2
RGVhdGggTm90ZQ==|SGlrYXJ1IG5vIEdv|2
QW9pIEJ1bmdha3UgU2VyaWVz|RGVhdGggTm90ZQ==|1
Q29kZSBHZWFzczogSGFuZ3lha3Ugbm8gTGVsb3VjaA==|RGVhdGggTm90ZQ==|2
S2F6ZSBUYWNoaW51|S29ubyBTZWthaSBubyBLYXRhc3VtaSBuaQ==|2
SG90YXJ1IG5vIEhha2E=|S2F6ZSBUYWNoaW51|1
S2ltaSBuaSBUb2Rva2U=|U2Nob29sIFJ1bWJsZQ==|1
S2ltaSBuaSBUb2Rva2U=|VHN1a2kgZ2EgS2lyZWk=|2
S2ltaSBuaSBUb2Rva2U=|VG9yYWRvcmEh|2
SG90YXJ1IG5vIEhha2E=|S29ubyBTZWthaSBubyBLYXRhc3VtaSBuaQ==|1
SG90YXJ1IG5vIEhha2E=|VG9uYXJpIG5vIFRvdG9ybw==|1
SG90YXJ1IG5vIEhha2E=|T29rYW1pIEtvZG9tbyBubyBBbWUgdG8gWXVraQ==|1
S2FyaWd1cmFzaGkgbm8gQXJyaWV0dHk=|S2F6ZSBubyBUYW5pIG5vIE5hdXNpY2HDpA==|2
S2F6ZSBubyBUYW5pIG5vIE5hdXNpY2HDpA==|TW9ub25va2UgSGltZQ==|2
R2Fua3V0c3VvdQ==|TW9uc3Rlcg==|2
QmFrZW1vbm8gbm8gS28=|T29rYW1pIEtvZG9tbyBubyBBbWUgdG8gWXVraQ==|2
S2FndXlhLWhpbWUgbm8gTW9ub2dhdGFyaQ==|T29rYW1pIEtvZG9tbyBubyBBbWUgdG8gWXVraQ==|1
S2FyaWd1cmFzaGkgbm8gQXJyaWV0dHk=|T29rYW1pIEtvZG9tbyBubyBBbWUgdG8gWXVraQ==|2
SG90YXJ1Ymkgbm8gTW9yaSBl|T29rYW1pIEtvZG9tbyBubyBBbWUgdG8gWXVraQ==|2
S2FwcGEgbm8gQ29vIHRvIE5hdHN1eWFzdW1p|VG9uYXJpIG5vIFRvdG9ybw==|2
T21vaWRlIFBvcm9wb3Jv|VG9uYXJpIG5vIFRvdG9ybw==|2
S2FyaWd1cmFzaGkgbm8gQXJyaWV0dHk=|VG9uYXJpIG5vIFRvdG9ybw==|2
TW9ub25va2UgSGltZQ==|VG9uYXJpIG5vIFRvdG9ybw==|1
RGVtaS1jaGFuIHdhIEthdGFyaXRhaQ==|S29iYXlhc2hpLXNhbiBDaGkgbm8gTWFpZCBEcmFnb24=|2
QmFuYW5hIEZpc2g=|RHVyYXJhcmEhIQ==|2
QmxhY2sgTGFnb29u|RHVyYXJhcmEhIQ==|2
SG90YXJ1Ymkgbm8gTW9yaSBl|TmF0c3VtZSBZdXVqaW5jaG91|1
SG90YXJ1Ymkgbm8gTW9yaSBl|TmF0c3VtZSBZdXVqaW5jaG91IFNoaQ==|1
SG90YXJ1Ymkgbm8gTW9yaSBl|Wm9rdSBOYXRzdW1lIFl1dWppbmNob3U=|1
SG90YXJ1Ymkgbm8gTW9yaSBl|TmF0c3VtZSBZdXVqaW5jaG91IFNhbg==|1
T3VyYW4gS291a291IEhvc3QgQ2x1Yg==|VG9yYWRvcmEh|2
U2tpcCBCZWF0IQ==|VG9yYWRvcmEh|2
Q3Jvc3MgR2FtZQ==|VG9yYWRvcmEh|1
TmF0c3VtZSBZdXVqaW5jaG91IEdv|TmF0c3VtZSBZdXVqaW5jaG91IFNoaQ==|2
SG93bCBubyBVZ29rdSBTaGlybw==|TmF0c3VtZSBZdXVqaW5jaG91|2
SGFuYWRhIFNob3VuZW4tc2hp|TmF0c3VtZSBZdXVqaW5jaG91|2
S2FyaWd1cmFzaGkgbm8gQXJyaWV0dHk=|TmF0c3VtZSBZdXVqaW5jaG91|1
S3VyYWdlaGltZQ==|TmF0c3VtZSBZdXVqaW5jaG91|2
Tm8gR2FtZSBObyBMaWZl|U3dvcmQgQXJ0IE9ubGluZQ==|2
UGFwcmlrYQ==|U3dvcmQgQXJ0IE9ubGluZQ==|1
S25pZ2h0J3MgJiBNYWdpYw==|WW91am8gU2Vua2k=|2
TmV0LWp1dSBubyBTdXN1bWUgU3BlY2lhbA==|V290YWt1IG5pIEtvaSB3YSBNdXp1a2FzaGlp|2
Q29sb3JmdWwgKE1vdmllKQ==|VG9reW8gR29kZmF0aGVycw==|2
SnVzdCBCZWNhdXNlIQ==|S29uYmluaSBLYXJlc2hp|2
SnVzdCBCZWNhdXNlIQ==|S29pIHRvIFVzbw==|2
SnVzdCBCZWNhdXNlIQ==|VHN1a2kgZ2EgS2lyZWk=|2
T3dhcmltb25vZ2F0YXJp|VHN1a2ltb25vZ2F0YXJp|1
S295b21pbW9ub2dhdGFyaQ==|T3dhcmltb25vZ2F0YXJp|2
TW9ub2dhdGFyaSBTZXJpZXM6IFNlY29uZCBTZWFzb24=|TmlzZW1vbm9nYXRhcmk=|1
S295b21pbW9ub2dhdGFyaQ==|TmlzZW1vbm9nYXRhcmk=|1
S2FwcGEgbm8gQ29vIHRvIE5hdHN1eWFzdW1p|TW9ub25va2UgSGltZQ==|2
S2FyaWd1cmFzaGkgbm8gQXJyaWV0dHk=|TW9ub25va2UgSGltZQ==|2
S2FrZWd1cnVp|TWFob3VrYSBLb3Vrb3Ugbm8gUmV0dG91c2Vp|2
S2FyYSBubyBLeW91a2FpIDE6IEZ1a2FuIEZ1dWtlaQ==|S2FyYSBubyBLeW91a2FpOiBNYW5uZXIgTW92aWVz|1
S3V6dSBubyBIb25rYWk=|VHN1a2kgZ2EgS2lyZWk=|2
S29uYmluaSBLYXJlc2hp|VHN1a2kgZ2EgS2lyZWk=|2
S29pIHRvIFVzbw==|VHN1a2kgZ2EgS2lyZWk=|2
S2l6dW1vbm9nYXRhcmkgSTogVGVra2V0c3UtaGVu|S2l6dW1vbm9nYXRhcmkgSUk6IE5la2tldHN1LWhlbg==|2
QUNDQTogMTMta3UgS2Fuc2F0c3Uta2E=|U2Vpa2Fpc3VydSBLYWRv|1
S295b21pbW9ub2dhdGFyaQ==|TW9ub2dhdGFyaSBTZXJpZXM6IFNlY29uZCBTZWFzb24=|2
S295b21pbW9ub2dhdGFyaQ==|TmVrb21vbm9nYXRhcmk6IEt1cm8=|2
S295b21pbW9ub2dhdGFyaQ==|VHN1a2ltb25vZ2F0YXJp|2
QmVjaw==|RGV0cm9pdCBNZXRhbCBDaXR5|1
QmFjayBTdHJlZXQgR2lybHM6IEdva3Vkb2xscw==|RGV0cm9pdCBNZXRhbCBDaXR5|2
SXRhaSBubyB3YSBJeWEgbmFubyBkZSBCb3VneW9yeW9rdSBuaSBLeW9rdWZ1cmkgU2hpdGFpIHRvIE9tb2ltYXN1Lg==|U3dvcmQgQXJ0IE9ubGluZSBBbHRlcm5hdGl2ZTogR3VuIEdhbGUgT25saW5l|2
U3dvcmQgQXJ0IE9ubGluZSBBbHRlcm5hdGl2ZTogR3VuIEdhbGUgT25saW5l|U3dvcmQgQXJ0IE9ubGluZSBJSQ==|2
S2FyaWd1cmFzaGkgbm8gQXJyaWV0dHk=|TWltaSB3byBTdW1hc2ViYQ==|1
QmxhY2sgTGFnb29u|SGVsbHNpbmcgVWx0aW1hdGU=|2
R3lha2t5b3UgQnVyYWkgS2Fpamk6IFVsdGltYXRlIFN1cnZpdm9y|Sm9KbyBubyBLaW15b3UgbmEgQm91a2VuIChUVik=|1
SWJhcmEgbm8gT3U=|UGFwcmlrYQ==|2
TmV0LWp1dSBubyBTdXN1bWU=|V290YWt1IG5pIEtvaSB3YSBNdXp1a2FzaGlp|2
R2FrZSBubyBVZSBubyBQb255bw==|TWFqbyBubyBUYWtreXV1Ymlu|2
TWFqbyBubyBUYWtreXV1Ymlu|TWFyeSB0byBNYWpvIG5vIEhhbmE=|1
Q2FuZHkgQ2FuZHkgKE1vdmllKQ==|Q2FuZHkgQ2FuZHk6IEhhcnUgbm8gWW9iaWdvZQ==|2
U2FyYXphbm1haQ==|Wm9tYmllbGFuZCBTYWdh|2
Q2F0J3MgRXll|THVwaW4gdGhlIFRoaXJkOiBNaW5lIEZ1amlrbyB0byBJdSBPbm5h|2
TmFuYQ==|TmFuYSBSZWNhcHM=|2
R2Fua3V0c3VvdQ==|SGlnYXNoaSBubyBFZGVu|2
R2Fua3V0c3VvdQ==|TGVzIE1pc8OpcmFibGVzOiBTaG91am8gQ29zZXR0ZQ==|2
SGFuZWJhZG8h|UGluZyBQb25nIHRoZSBBbmltYXRpb24=|2
QmxhY2sgTGFnb29u|RGFya2VyIHRoYW4gQmxhY2s6IEt1cm8gbm8gS2VpeWFrdXNoYQ==|2
QmFuYW5hIEZpc2g=|QmxhY2sgTGFnb29u|1
T3VyYW4gS291a291IEhvc3QgQ2x1Yg==|U2Nob29sIFJ1bWJsZQ==|1
S3V6dSBubyBIb25rYWk=|TmFuYQ==|1
QmVjaw==|TmFuYQ==|2
S2FyYSBubyBLeW91a2FpIDg6IFNodXVzaG91|S2FyYSBubyBLeW91a2FpOiBNaXJhaSBGdWt1aW4=|2
SGluYW1hdHN1cmk=|U2F5b25hcmEgbm8gQXNhIG5pIFlha3Vzb2t1IG5vIEhhbmEgd28gS2F6YXJvdQ==|1
Q2xhbm5hZDogQWZ0ZXIgU3Rvcnk=|S2Fub24gKDIwMDYp|1
Q2xhbm5hZDogQWZ0ZXIgU3Rvcnk=|U2hpZ2F0c3Ugd2EgS2ltaSBubyBVc28=|2
R2lhbnQgS2lsbGluZw==|T25lIE91dHM=|1
SGFwcHkgQmlydGhkYXk6IElub2NoaSBLYWdheWFrdSBUb2tp|S29rb3JvIGdhIFNha2ViaXRhZ2F0dGVydW5kYS4=|2
SGFqaW1lIG5vIElwcG8=|SGlrYXJ1IG5vIEdv|1
QmFrdW1hbi4=|SGFqaW1lIG5vIElwcG8=|2
S3VqaXJhIG5vIEtvcmEgd2EgU2Fqb3UgbmkgVXRhdQ==|TWlyYWkgU2hvdW5lbiBDb25hbg==|1
Q2xhbm5hZA==|S2Fub24gKDIwMDYp|1
Q2xhbm5hZA==|Q2xhbm5hZCBNb3ZpZQ==|2
Q2xhbm5hZA==|RnVsbCBNb29uIHdvIFNhZ2FzaGl0ZQ==|1
S2l6dW1vbm9nYXRhcmkgSUlJOiBSZWlrZXRzdS1oZW4=|TmVrb21vbm9nYXRhcmk6IEt1cm8=|2
TmF0c3VtZSBZdXVqaW5jaG91IEdv|TmF0c3VtZSBZdXVqaW5jaG91OiBOeWFua28tc2Vuc2VpIHRvIEhhamltZXRlIG5vIE90c3VrYWk=|1
TG9yZCBFbC1NZWxsb2kgSUkgU2VpIG5vIEppa2VuYm86IFJhaWwgWmVwcGVsaW4gR3JhY2UgTm90ZQ==|TG9yZCBFbC1NZWxsb2kgSUkgU2VpIG5vIEppa2VuYm86IFJhaWwgWmVwcGVsaW4gR3JhY2UgTm90ZSAtIEhha2Ftb3JpIHRvIE5la28gdG8gTWFqdXRzdXNoaQ==|2
S2FyYSBubyBLeW91a2FpIDQ6IEdhcmFuIG5vIERvdQ==|S2FyYSBubyBLeW91a2FpOiBNYW5uZXIgTW92aWVz|1
SXNla2FpIFNob2t1ZG91|U2hva3VnZWtpIG5vIFNvdW1h|1
Q29xdWVsaWNvdC16YWthIGthcmE=|TWltaSB3byBTdW1hc2ViYQ==|1
R2ludGFtYQ==|T25lIFBpZWNl|1
R2ludGFtYQ==|R2ludGFtYSBNb3ZpZSAxOiBTaGlueWFrdSBCZW5pemFrdXJhLWhlbg==|2
R2ludGFtYQ==|UnVyb3VuaSBLZW5zaGluOiBNZWlqaSBLZW5rYWt1IFJvbWFudGFu|2
Q2hpby1jaGFuIG5vIFRzdXVnYWt1cm8=|R2ludGFtYQ==|1
THVwaW4gdGhlIElJSXJkOiBKaWdlbiBEYWlzdWtlIG5vIEJvaHlvdQ==|THVwaW4gdGhlIFRoaXJkOiBNaW5lIEZ1amlrbyB0byBJdSBPbm5h|2
SXJvenVrdSBTZWthaSBubyBBc2hpdGEga2FyYQ==|TWFob3V0c3VrYWkgbm8gWW9tZQ==|2
U2VpcmVpIG5vIE1vcmliaXRv|U3RyYW5nZXI6IE11a291IEhhZGFu|1
SG93bCBubyBVZ29rdSBTaGlybw==|S290b25vaGEgbm8gTml3YQ==|1
SG93bCBubyBVZ29rdSBTaGlybw==|U2FrYXNhbWEgbm8gUGF0ZW1h|1
SXJvenVrdSBTZWthaSBubyBBc2hpdGEga2FyYQ==|U2Vpc2h1biBCdXRhIFlhcm91IHdhIEJ1bm55IEdpcmwgU2VucGFpIG5vIFl1bWUgd28gTWluYWk=|2
SXJvenVrdSBTZWthaSBubyBBc2hpdGEga2FyYQ==|S29lIG5vIEthdGFjaGk=|2
S29ubyBPdG8gVG9tYXJlIQ==|U2hpZ2F0c3Ugd2EgS2ltaSBubyBVc28=|1
ZWY6IEEgVGFsZSBvZiBNZWxvZGllcy4=|U2hpZ2F0c3Ugd2EgS2ltaSBubyBVc28=|2
S2ltaSBubyBTdWl6b3Ugd28gVGFiZXRhaQ==|U2hpZ2F0c3Ugd2EgS2ltaSBubyBVc28=|1
TkhLIG5pIFlvdWtvc28h|U2hpZ2F0c3Ugd2EgS2ltaSBubyBVc28=|2
S3V6dSBubyBIb25rYWk=|TWF3YXJ1IFBlbmd1aW5kcnVt|1
TkhLIG5pIFlvdWtvc28h|WW9qb3VoYW4gU2hpbndhIFRhaWtlaQ==|2
TWF3YXJ1IFBlbmd1aW5kcnVt|UHJpbmNlc3MgVHV0dQ==|2
QmxhbWUhIE1vdmll|RGFya2VyIHRoYW4gQmxhY2s6IEt1cm8gbm8gS2VpeWFrdXNoYQ==|2
QmFrdW1hbi4=|QmFyYWthbW9u|2
QmFrdW1hbi4=|SGlrYXJ1IG5vIEdv|2
Q29sb3JmdWwgKE1vdmllKQ==|S29lIG5vIEthdGFjaGk=|2
ZWY6IEEgVGFsZSBvZiBNZWxvZGllcy4=|ZWY6IEEgVGFsZSBvZiBNZW1vcmllcy4=|1
RXZlIG5vIEppa2FuIChNb3ZpZSk=|U2FrYXNhbWEgbm8gUGF0ZW1h|2
SWJhcmEgbm8gT3U=|SmluLVJvdQ==|2
S2ltaSBubyBTdWl6b3Ugd28gVGFiZXRhaQ==|S29rb3JvIGdhIFNha2ViaXRhZ2F0dGVydW5kYS4=|1
RmF0ZS9zdGF5IG5pZ2h0IE1vdmllOiBIZWF2ZW4ncyBGZWVsIC0gSS4gUHJlc2FnZSBGbG93ZXI=|RmF0ZS9zdGF5IG5pZ2h0OiBVbmxpbWl0ZWQgQmxhZGUgV29ya3M=|2
RmF0ZS9zdGF5IG5pZ2h0OiBVbmxpbWl0ZWQgQmxhZGUgV29ya3M=|RmF0ZS9aZXJv|2
S3V1Y2h1dSBCdXJhbmtv|WW9qb3VoYW4gU2hpbndhIFRhaWtlaQ==|2
T21vaWRlIG5vIE1hcm5pZQ==|T21vaWRlIFBvcm9wb3Jv|2
UGluZyBQb25nIHRoZSBBbmltYXRpb24=|WW9qb3VoYW4gU2hpbndhIFRhaWtlaQ==|2
S2FyYSBubyBLeW91a2FpIDI6IFNhdHN1amluIEtvdXNhdHN1IChaZW4p|S2FyYSBubyBLeW91a2FpOiBNYW5uZXIgTW92aWVz|1
S2FyYSBubyBLeW91a2FpIDY6IEJvdWt5YWt1IFJva3Vvbg==|S2FyYSBubyBLeW91a2FpOiBNYW5uZXIgTW92aWVz|1
S2FyYSBubyBLeW91a2FpIDM6IFRzdXVrYWt1IFphbnJ5dXU=|S2FyYSBubyBLeW91a2FpOiBNYW5uZXIgTW92aWVz|1
T3VyYW4gS291a291IEhvc3QgQ2x1Yg==|U2tpcCBCZWF0IQ==|1
TGV2ZWwgRQ==|U3V6dW1peWEgSGFydWhpIG5vIFl1dXV0c3U=|2
U3dvcmQgQXJ0IE9ubGluZSBJSQ==|U3dvcmQgQXJ0IE9ubGluZTogRXh0cmEgRWRpdGlvbg==|2
TmF0c3VtZSBZdXVqaW5jaG91IE1vdmllOiBVdHN1c2VtaSBuaSBNdXN1YnU=|TmF0c3VtZSBZdXVqaW5jaG91IFJva3U=|1
S2ltaSBubyBTdWl6b3Ugd28gVGFiZXRhaQ==|TGl6IHRvIEFvaSBUb3Jp|1
UnVyb3VuaSBLZW5zaGluOiBNZWlqaSBLZW5rYWt1IFJvbWFudGFu|U3RyYW5nZXI6IE11a291IEhhZGFu|2
U2hpbmdla2kgbm8gQmFoYW11dDogR2VuZXNpcyAtIFNob3J0IFN0b3J5|U2hpbmdla2kgbm8gQmFoYW11dDogVmlyZ2luIFNvdWw=|2
TWFuYXJpYSBGcmllbmRz|U2hpbmdla2kgbm8gQmFoYW11dDogVmlyZ2luIFNvdWw=|2
RGVucGEtdGVraSBuYSBLYW5vam8=|S2FyYSBubyBLeW91a2FpIDI6IFNhdHN1amluIEtvdXNhdHN1IChaZW4p|1
R29zaWNr|SHlvdWth|2
RGFudGFsaWFuIG5vIFNob2th|SHlvdWth|2
QWppbg==|VG9reW8gR2hvdWwg4oiaQQ==|1
QWppbg==|VG9reW8gR2hvdWw=|2
UGhhbnRvbTogUmVxdWllbSBmb3IgdGhlIFBoYW50b20=|VG9reW8gR2hvdWw=|2
SW51eWFzaGlraQ==|VG9reW8gR2hvdWw=|2
RG91a3lvbmluIHdhIEhpemEsIFRva2lkb2tpLCBBdGFtYSBubyBVZS4=|SGluYW1hdHN1cmk=|1
SmluLVJvdQ==|UGVyZmVjdCBCbHVl|1
RGFudGFsaWFuIG5vIFNob2th|R29zaWNr|1
RGFudGFsaWFuIG5vIFNob2th|RGFudGFsaWFuIG5vIFNob2thOiBJYmFyYWhpbWU=|2
THVwaW4gdGhlIElJSXJkOiBDaGlrZW11cmkgbm8gSXNoaWthd2EgR29lbW9u|THVwaW4gdGhlIElJSXJkOiBKaWdlbiBEYWlzdWtlIG5vIEJvaHlvdQ==|1
R29zaWNr|UHJpbmNlc3MgUHJpbmNpcGFs|2
S2lubyBubyBUYWJpOiBUaGUgQmVhdXRpZnVsIFdvcmxkIC0gQnlvdWtpIG5vIEt1bmkgLSBGb3IgWW91|S2lubyBubyBUYWJpOiBUaGUgQmVhdXRpZnVsIFdvcmxkIC0gTmFuaWthIHdvIFN1cnUgVGFtZSBuaSAtIExpZmUgR29lcyBPbi4=|1
R2luZ2EgVGV0c3Vkb3UgOTk5|R2luZ2EgVGV0c3Vkb3UgOTk5IChNb3ZpZSk=|2
RnVsbCBNZXRhbCBQYW5pYyEgVGhlIFNlY29uZCBSYWlk|RnVsbCBNZXRhbCBQYW5pYz8gRnVtb2ZmdQ==|2
S29ubyBPdG8gVG9tYXJlIQ==|UmVMSUZF|2
TWl4|VG91Y2g=|2
SGFqaW1lIG5vIElwcG86IE5ldyBDaGFsbGVuZ2Vy|SGFqaW1lIG5vIElwcG86IFJpc2luZw==|2
TGV2ZWwgRQ==|VGVudGFpIFNlbnNoaSBTdW5yZWQ=|2
UHN5Y2hvLVBhc3MgMg==|UHN5Y2hvLVBhc3MgTW92aWU=|2
UHN5Y2hvLVBhc3MgMw==|UHN5Y2hvLVBhc3M6IFNpbm5lcnMgb2YgdGhlIFN5c3RlbSBDYXNlLjMgLSBPbnNodXUgbm8gS2FuYXRhIG5p77y/77y/|1
SGF0YXJha3UgU2FpYm91IChUVik=|SG91c2VraSBubyBLdW5pIChUVik=|2
TWFkZSBpbiBBYnlzcyBNb3ZpZSAyOiBIb3Vyb3UgU3VydSBUYXNvZ2FyZQ==|TWFkZSBpbiBBYnlzcyBNb3ZpZSAzOiBGdWtha2kgVGFtYXNoaWkgbm8gUmVpbWVp|1
S2FyYSBubyBLeW91a2FpIDc6IFNhdHN1amluIEtvdXNhdHN1IChHbyk=|S2FyYSBubyBLeW91a2FpOiBNYW5uZXIgTW92aWVz|1
SGlndXJhc2hpIG5vIE5ha3UgS29ybyBuaQ==|SGlndXJhc2hpIG5vIE5ha3UgS29ybyBuaSBLYWk=|2
SWQ6SW52YWRlZA==|UHN5Y2hvLVBhc3M=|2
U29tYWxpIHRvIE1vcmkgbm8gS2FtaXNhbWE=|VG9reW8gR2hvdWw=|2
S2lzZWlqdXU6IFNlaSBubyBLYWt1cml0c3U=|TW9uc3Rlcg==|1
S291a3lvdXNoaWhlbiBFdXJla2EgU2V2ZW4=|S291a3lvdXNoaWhlbiBFdXJla2EgU2V2ZW46IEtpbmt5dXUgVG9rdWJhbiBOYXZpZ2F0aW9uIHJheT1vdXQ=|2
U29tYWxpIHRvIE1vcmkgbm8gS2FtaXNhbWE=|SGluYW1hdHN1cmk=|2
U29tYWxpIHRvIE1vcmkgbm8gS2FtaXNhbWE=|TWFob3V0c3VrYWkgbm8gWW9tZQ==|2
SGlndXJhc2hpIG5vIE5ha3UgS29ybyBuaQ==|SGlndXJhc2hpIG5vIE5ha3UgS29ybyBuaSBLYWk=|1
UGhhbnRvbTogUmVxdWllbSBmb3IgdGhlIFBoYW50b20=|RWxmZW4gTGllZA==|2
Wm9rdSBTYXlvbmFyYSBaZXRzdWJvdSBTZW5zZWk=|R3JlYXQgVGVhY2hlciBPbml6dWth|1
SHVudGVyIHggSHVudGVy|SHVudGVyIHggSHVudGVyICgyMDExKQ==|2
TGFzdCBFeGlsZQ==|S291a3lvdXNoaWhlbiBFdXJla2EgU2V2ZW4=|2
RGVucGEtdGVraSBuYSBLYW5vam8=|QnlvdXNva3UgNSBDZW50aW1ldGVy|2
SWUgTmFraSBLbw==|RmxhbmRlcnMgbm8gSW51IChNb3ZpZSk=|2
SWUgTmFraSBLbw==|Um9tZW8gbm8gQW9pIFNvcmE=|2
Um9tZW8gbm8gQW9pIFNvcmE=|TGVzIE1pc8OpcmFibGVzOiBTaG91am8gQ29zZXR0ZQ==|1
SHVudGVyIHggSHVudGVyOiBHcmVlZCBJc2xhbmQ=|SHVudGVyIHggSHVudGVyOiBPcmlnaW5hbCBWaWRlbyBBbmltYXRpb24=|2
R3JlYXQgUHJldGVuZGVy|RHVyYXJhcmEhIQ==|2
R3JlYXQgUHJldGVuZGVy|QUNDQTogMTMta3UgS2Fuc2F0c3Uta2E=|1
R3JlYXQgUHJldGVuZGVy|QmFjY2FubyE=|1
R3JlYXQgUHJldGVuZGVy|Tm8gR2FtZSBObyBMaWZl|1
R3JlYXQgUHJldGVuZGVy|QmxhY2sgTGFnb29u|1
R3JlYXQgUHJldGVuZGVy|QmFuYW5hIEZpc2g=|1
eHh4SE9MaUM=|TmF0c3VtZSBZdXVqaW5jaG91|1
U2FpdW5rb2t1IE1vbm9nYXRhcmk=|U2FpdW5rb2t1IE1vbm9nYXRhcmkgMm5kIFNlYXNvbg==|1
eHh4SE9MaUM=|eHh4SE9MaUMgS2Vp|2
eHh4SE9MaUMgUm91|eHh4SE9MaUMgU2h1bm11a2k=|1
VG91aGFpIERlbnNldHN1IEFrYWdpOiBZYW1pIG5pIE1haW9yaXRhIFRlbnNhaQ==|T25lIE91dHM=|1
VG91aGFpIERlbnNldHN1IEFrYWdpOiBZYW1pIG5pIE1haW9yaXRhIFRlbnNhaQ==|S2FrZWd1cnVp|1
VG91aGFpIERlbnNldHN1IEFrYWdpOiBZYW1pIG5pIE1haW9yaXRhIFRlbnNhaQ==|Q29kZSBHZWFzczogSGFuZ3lha3Ugbm8gTGVsb3VjaA==|2
VG91aGFpIERlbnNldHN1IEFrYWdpOiBZYW1pIG5pIE1haW9yaXRhIFRlbnNhaQ==|Q2hpaGF5YWZ1cnUgMg==|2
VG91aGFpIERlbnNldHN1IEFrYWdpOiBZYW1pIG5pIE1haW9yaXRhIFRlbnNhaQ==|R3lha2t5b3UgQnVyYWkgS2Fpamk6IFVsdGltYXRlIFN1cnZpdm9y|1
VG91aGFpIERlbnNldHN1IEFrYWdpOiBZYW1pIG5pIE1haW9yaXRhIFRlbnNhaQ==|RGVhdGggTm90ZQ==|2
VG91aGFpIERlbnNldHN1IEFrYWdpOiBZYW1pIG5pIE1haW9yaXRhIFRlbnNhaQ==|UmFpbmJvdzogTmlzaGEgUm9rdWJvdSBubyBTaGljaGluaW4=|1
VG91aGFpIERlbnNldHN1IEFrYWdpOiBZYW1pIG5pIE1haW9yaXRhIFRlbnNhaQ==|SGFqaW1lIG5vIElwcG8=|2
VG91aGFpIERlbnNldHN1IEFrYWdpOiBZYW1pIG5pIE1haW9yaXRhIFRlbnNhaQ==|R2Fua3V0c3VvdQ==|1
VG91aGFpIERlbnNldHN1IEFrYWdpOiBZYW1pIG5pIE1haW9yaXRhIFRlbnNhaQ==|SGVsbHNpbmcgVWx0aW1hdGU=|2
VG91aGFpIERlbnNldHN1IEFrYWdpOiBZYW1pIG5pIE1haW9yaXRhIFRlbnNhaQ==|SGlrYXJ1IG5vIEdv|2
VG91aGFpIERlbnNldHN1IEFrYWdpOiBZYW1pIG5pIE1haW9yaXRhIFRlbnNhaQ==|Q2hpaGF5YWZ1cnU=|2
VGVua3V1IG5vIFNoaXJvIExhcHV0YQ==|U2VuIHRvIENoaWhpcm8gbm8gS2FtaWtha3VzaGk=|2
VG9raSB3byBLYWtlcnUgU2hvdWpv|T3VyaXRzdSBVY2h1dWd1bjogSG9ubmVhbWlzZSBubyBUc3ViYXNh|1
U2VuIHRvIENoaWhpcm8gbm8gS2FtaWtha3VzaGk=|Qm9rdSBkYWtlIGdhIEluYWkgTWFjaGk=|1
Qm9rdSBkYWtlIGdhIEluYWkgTWFjaGk=|TW9uc3Rlcg==|2
Qm9rdSBkYWtlIGdhIEluYWkgTWFjaGk=|SGlndXJhc2hpIG5vIE5ha3UgS29ybyBuaSBLYWk=|1
Qm9rdSBkYWtlIGdhIEluYWkgTWFjaGk=|SHlvdWth|1
Qm9rdSBkYWtlIGdhIEluYWkgTWFjaGk=|S2FyYSBubyBLeW91a2FpOiBNaXJhaSBGdWt1aW4=|1
Qm9rdSBkYWtlIGdhIEluYWkgTWFjaGk=|UHN5Y2hvLVBhc3M=|2
Qm9rdSBkYWtlIGdhIEluYWkgTWFjaGk=|S29lIG5vIEthdGFjaGk=|1
Qm9rdSBkYWtlIGdhIEluYWkgTWFjaGk=|U2hpZ2F0c3Ugd2EgS2ltaSBubyBVc28=|1
Qm9rdSBkYWtlIGdhIEluYWkgTWFjaGk=|Q2xhbm5hZA==|1
Qm9rdSBkYWtlIGdhIEluYWkgTWFjaGk=|U3RlaW5zO0dhdGUgMA==|1
Qm9rdSBkYWtlIGdhIEluYWkgTWFjaGk=|RGVhdGggTm90ZQ==|1
Qm9rdSBkYWtlIGdhIEluYWkgTWFjaGk=|TW9ub2dhdGFyaSBTZXJpZXM6IFNlY29uZCBTZWFzb24=|1
Qm9rdSBkYWtlIGdhIEluYWkgTWFjaGk=|QW5vdGhlcg==|1
Qm9rdSBkYWtlIGdhIEluYWkgTWFjaGk=|UmVMSUZF|1
Qm9rdSBkYWtlIGdhIEluYWkgTWFjaGk=|S2FyYSBubyBLeW91a2FpIDE6IEZ1a2FuIEZ1dWtlaQ==|1
Qm9rdSBkYWtlIGdhIEluYWkgTWFjaGk=|Tm8gR2FtZSBObyBMaWZl|1
VGVua3V1IG5vIFNoaXJvIExhcHV0YQ==|R2FrZSBubyBVZSBubyBQb255bw==|1
VGVua3V1IG5vIFNoaXJvIExhcHV0YQ==|S3VyZW5haSBubyBCdXRh|1
VGVua3V1IG5vIFNoaXJvIExhcHV0YQ==|U2FrYXNhbWEgbm8gUGF0ZW1h|1
VGVua3V1IG5vIFNoaXJvIExhcHV0YQ==|U2Vpa2FpIG5vIE1vbnNob3U=|1
VGVua3V1IG5vIFNoaXJvIExhcHV0YQ==|S3VqaXJhIG5vIEtvcmEgd2EgU2Fqb3UgbmkgVXRhdQ==|1
VGVua3V1IG5vIFNoaXJvIExhcHV0YQ==|TW9ub25va2UgSGltZQ==|2
VGVua3V1IG5vIFNoaXJvIExhcHV0YQ==|TWlyYWkgU2hvdW5lbiBDb25hbg==|1
VGVua3V1IG5vIFNoaXJvIExhcHV0YQ==|SG93bCBubyBVZ29rdSBTaGlybw==|1
VGVua3V1IG5vIFNoaXJvIExhcHV0YQ==|THVwaW4gSUlJOiBDYWdsaW9zdHJvIG5vIFNoaXJv|1
VGVua3V1IG5vIFNoaXJvIExhcHV0YQ==|TWFqbyBubyBUYWtreXV1Ymlu|1
VGVua3V1IG5vIFNoaXJvIExhcHV0YQ==|U29tYWxpIHRvIE1vcmkgbm8gS2FtaXNhbWE=|1
VGVua3V1IG5vIFNoaXJvIExhcHV0YQ==|S2F6ZSBUYWNoaW51|1
VGVua3V1IG5vIFNoaXJvIExhcHV0YQ==|T25lIFBpZWNl|1
VGVua3V1IG5vIFNoaXJvIExhcHV0YQ==|Unl1dSBubyBIYWlzaGE=|1
VGVua3V1IG5vIFNoaXJvIExhcHV0YQ==|TGFzdCBFeGlsZQ==|1
QWtpcmE=|QWppbg==|1
QWtpcmE=|UHN5Y2hvLVBhc3M=|1
QWtpcmE=|S2FpanV1IG5vIEtvZG9tbw==|1
QWtpcmE=|SGFkYXNoaSBubyBHZW4=|1
QWtpcmE=|RWxmZW4gTGllZA==|1
QWtpcmE=|RmF0ZS9zdGF5IG5pZ2h0OiBVbmxpbWl0ZWQgQmxhZGUgV29ya3MgMm5kIFNlYXNvbg==|1
QWtpcmE=|RG9yb2hlZG9ybw==|1
QWtpcmE=|S291a2FrdSBLaWRvdXRhaQ==|2
QWtpcmE=|RGFya2VyIHRoYW4gQmxhY2s6IEt1cm8gbm8gS2VpeWFrdXNoYQ==|1
QWtpcmE=|S2VucHV1IERlbmtpIEJlcnNlcms=|1
QWtpcmE=|TmVvbiBHZW5lc2lzIEV2YW5nZWxpb246IFRoZSBFbmQgb2YgRXZhbmdlbGlvbg==|1
QWtpcmE=|SW5ub2NlbmNl|1
U2FtdXJhaSBDaGFtcGxvbw==|T29rYW1pIHRvIEtvdXNoaW5yeW91|1
U2FtdXJhaSBDaGFtcGxvbw==|QmFjY2FubyE=|1
U2FtdXJhaSBDaGFtcGxvbw==|R2ludGFtYQ==|1
VHN1bWlraSBubyBJZQ==|U2hvdWpvIFNodXVtYXRzdSBSeW9rb3U=|1
VHN1bWlraSBubyBJZQ==|TXVzaGlzaGk=|1
U2FtdXJhaSBDaGFtcGxvbw==|VHJpZ3Vu|1
U2FtdXJhaSBDaGFtcGxvbw==|U2hpbmdla2kgbm8gQmFoYW11dDogR2VuZXNpcw==|1
U2FtdXJhaSBDaGFtcGxvbw==|RHVyYXJhcmEhIQ==|1
U2FtdXJhaSBDaGFtcGxvbw==|SHVudGVyIHggSHVudGVy|1
U2FtdXJhaSBDaGFtcGxvbw==|T25lIFBpZWNl|1
U2FtdXJhaSBDaGFtcGxvbw==|UnVyb3VuaSBLZW5zaGluOiBNZWlqaSBLZW5rYWt1IFJvbWFudGFu|1
U2FtdXJhaSBDaGFtcGxvbw==|U3RyYW5nZXI6IE11a291IEhhZGFu|1
U2FtdXJhaSBDaGFtcGxvbw==|RGFya2VyIHRoYW4gQmxhY2s6IEt1cm8gbm8gS2VpeWFrdXNoYQ==|1
U2FtdXJhaSBDaGFtcGxvbw==|VHN1YmFzYSBDaHJvbmljbGU=|1
VHN1bWlraSBubyBJZQ==|T2ppaXNhbiBubyBMYW1w|1
U2FtdXJhaSBDaGFtcGxvbw==|THVwaW4gdGhlIFRoaXJkOiBNaW5lIEZ1amlrbyB0byBJdSBPbm5h|1
VHN1bWlraSBubyBJZQ==|QnlvdXNva3UgNSBDZW50aW1ldGVy|1
U2FtdXJhaSBDaGFtcGxvbw==|U2VpcmVpIG5vIE1vcmliaXRv|1
U2FtdXJhaSBDaGFtcGxvbw==|U2F5b25hcmEgWmV0c3Vib3UgU2Vuc2Vp|1
VHN1bWlraSBubyBJZQ==|QXJ1IFRhYmliaXRvIG5vIE5pa2tp|1
U2FtdXJhaSBDaGFtcGxvbw==|RG9yb3Jv|1
VHN1bWlraSBubyBJZQ==|SG93bCBubyBVZ29rdSBTaGlybw==|1
U2FtdXJhaSBDaGFtcGxvbw==|SGFpa3l1dSEh|1
U2FtdXJhaSBDaGFtcGxvbw==|VGVuZ2VuIFRvcHBhIEd1cnJlbiBMYWdhbm4=|1
U2FtdXJhaSBDaGFtcGxvbw==|SHVudGVyIHggSHVudGVyICgyMDExKQ==|1
U2FtdXJhaSBDaGFtcGxvbw==|U2FrYW1pY2hpIG5vIEFwb2xsb24=|2
U2FtdXJhaSBDaGFtcGxvbw==|TXVzaGlzaGk=|2
VHN1bWlraSBubyBJZQ==|Q2xhbm5hZDogQWZ0ZXIgU3Rvcnk=|1
VHN1bWlraSBubyBJZQ==|S2lubyBubyBUYWJpOiBUaGUgQmVhdXRpZnVsIFdvcmxk|1
U2FtdXJhaSBDaGFtcGxvbw==|QmxhY2sgTGFnb29u|1
U2FtdXJhaSBDaGFtcGxvbw==|TWVnYWxvIEJveA==|1
U2FtdXJhaSBDaGFtcGxvbw==|UnVyb3VuaSBLZW5zaGluOiBNZWlqaSBLZW5rYWt1IFJvbWFudGFuIC0gVHN1aW9rdS1oZW4=|2
SGFpa3l1dSEh|SHVudGVyIHggSHVudGVyICgyMDExKQ==|2
SGFpa3l1dSEh|Q2hpaGF5YWZ1cnU=|2
SGFpa3l1dSEh|R2luIG5vIFNhamk=|2
UGFsZSBDb2Nvb24=|RXZlIG5vIEppa2FuIChNb3ZpZSk=|1
UGFsZSBDb2Nvb24=|TWl6dSBubyBLb3RvYmE=|1
UGFsZSBDb2Nvb24=|U2FrYXNhbWEgbm8gUGF0ZW1h|2
UGFsZSBDb2Nvb24=|U2VyaWFsIEV4cGVyaW1lbnRzIExhaW4=|2
UGFsZSBDb2Nvb24=|QmxhbWUhIE1vdmll|2
UGFsZSBDb2Nvb24=|QnlvdXNva3UgNSBDZW50aW1ldGVy|2
VG9raSB3byBLYWtlcnUgU2hvdWpv|U2Vpc2h1biBCdXRhIFlhcm91IHdhIEJ1bm55IEdpcmwgU2VucGFpIG5vIFl1bWUgd28gTWluYWk=|1
VG9raSB3byBLYWtlcnUgU2hvdWpv|TW9ub2dhdGFyaSBTZXJpZXM6IFNlY29uZCBTZWFzb24=|1
VG9raSB3byBLYWtlcnUgU2hvdWpv|TWlyYWkgbm8gTWlyYWk=|1
VG9raSB3byBLYWtlcnUgU2hvdWpv|T21vaWRlIFBvcm9wb3Jv|1
VG9raSB3byBLYWtlcnUgU2hvdWpv|S2ltaSBubyBOYSB3YS4=|1
VG9raSB3byBLYWtlcnUgU2hvdWpv|TW9tbyBlIG5vIFRlZ2FtaQ==|1
VG9raSB3byBLYWtlcnUgU2hvdWpv|WW9qb3VoYW4gU2hpbndhIFRhaWtlaQ==|1
VG9raSB3byBLYWtlcnUgU2hvdWpv|QmFrZW1vbm8gbm8gS28=|1
VG9raSB3byBLYWtlcnUgU2hvdWpv|TWFqbyBubyBUYWtreXV1Ymlu|1
VG9raSB3byBLYWtlcnUgU2hvdWpv|VHN1a2kgZ2EgS2lyZWk=|1
VG9raSB3byBLYWtlcnUgU2hvdWpv|QnlvdXNva3UgNSBDZW50aW1ldGVy|1
VG9raSB3byBLYWtlcnUgU2hvdWpv|UmU6WmVybyBrYXJhIEhhamltZXJ1IElzZWthaSBTZWlrYXRzdQ==|1
VG9raSB3byBLYWtlcnUgU2hvdWpv|Q2xhbm5hZA==|1
VG9raSB3byBLYWtlcnUgU2hvdWpv|S2F6ZSBUYWNoaW51|1
VG9raSB3byBLYWtlcnUgU2hvdWpv|TWF3YXJ1IFBlbmd1aW5kcnVt|1
VG9raSB3byBLYWtlcnUgU2hvdWpv|U3V6dW1peWEgSGFydWhpIG5vIFNob3VzaGl0c3U=|1
VG9raSB3byBLYWtlcnUgU2hvdWpv|TWFob3UgU2hvdWpvIE1hZG9rYeKYhU1hZ2ljYSBNb3ZpZSAyOiBFaWVuIG5vIE1vbm9nYXRhcmk=|2
VG9raSB3byBLYWtlcnUgU2hvdWpv|VG9yYWRvcmEh|1
VG9raSB3byBLYWtlcnUgU2hvdWpv|SGFjaGltaXRzdSB0byBDbG92ZXI=|1
VG9raSB3byBLYWtlcnUgU2hvdWpv|ZWY6IEEgVGFsZSBvZiBNZW1vcmllcy4=|1
VG9raSB3byBLYWtlcnUgU2hvdWpv|TkhLIG5pIFlvdWtvc28h|1
VG9raSB3byBLYWtlcnUgU2hvdWpv|TWltaSB3byBTdW1hc2ViYQ==|1
VG9raSB3byBLYWtlcnUgU2hvdWpv|SGlnYXNoaSBubyBFZGVu|1
VG9raSB3byBLYWtlcnUgU2hvdWpv|Tm9kYW1lIENhbnRhYmlsZQ==|1
VG9raSB3byBLYWtlcnUgU2hvdWpv|QW5nZWwgQmVhdHMh|1
VG9raSB3byBLYWtlcnUgU2hvdWpv|U3V6dW1peWEgSGFydWhpIG5vIFl1dXV0c3U=|1
VG9raSB3byBLYWtlcnUgU2hvdWpv|SG90YXJ1Ymkgbm8gTW9yaSBl|1
VG9raSB3byBLYWtlcnUgU2hvdWpv|VG9uYXJpIG5vIFRvdG9ybw==|2
VG9raSB3byBLYWtlcnUgU2hvdWpv|T29rYW1pIEtvZG9tbyBubyBBbWUgdG8gWXVraQ==|2
VG9raSB3byBLYWtlcnUgU2hvdWpv|TWFob3UgU2hvdWpvIE1hZG9rYeKYhU1hZ2ljYQ==|2
VG9raSB3byBLYWtlcnUgU2hvdWpv|VGVua2kgbm8gS28=|1
TWFnaWEgUmVjb3JkOiBNYWhvdSBTaG91am8gTWFkb2th4piGTWFnaWNhIEdhaWRlbiAoVFYp|U3RlaW5zO0dhdGUgMA==|2
TWFnaWEgUmVjb3JkOiBNYWhvdSBTaG91am8gTWFkb2th4piGTWFnaWNhIEdhaWRlbiAoVFYp|SGlndXJhc2hpIG5vIE5ha3UgS29ybyBuaSBLYWk=|2
U3RlaW5zO0dhdGUgMA==|RmF0ZS9aZXJv|2
U2Vpc2h1biBCdXRhIFlhcm91IHdhIFl1bWVtaXJ1IFNob3VqbyBubyBZdW1lIHdvIE1pbmFp|U3RlaW5zO0dhdGUgTW92aWU6IEZ1a2EgUnlvdWlraSBubyBEw6lqw6AgdnU=|2
U2Vpc2h1biBCdXRhIFlhcm91IHdhIFl1bWVtaXJ1IFNob3VqbyBubyBZdW1lIHdvIE1pbmFp|S2Fub24gKDIwMDYp|1
U2Vpc2h1biBCdXRhIFlhcm91IHdhIFl1bWVtaXJ1IFNob3VqbyBubyBZdW1lIHdvIE1pbmFp|S2ltaSBubyBOYSB3YS4=|2
U2Vpc2h1biBCdXRhIFlhcm91IHdhIFl1bWVtaXJ1IFNob3VqbyBubyBZdW1lIHdvIE1pbmFp|UmU6WmVybyBrYXJhIEhhamltZXJ1IElzZWthaSBTZWlrYXRzdQ==|2
SnVuZ2xlIHdhIEl0c3VtbyBIYXJlIG5vY2hpIEd1dQ==|RkxDTA==|2
SnVuZ2xlIHdhIEl0c3VtbyBIYXJlIG5vY2hpIEd1dQ==|U2Nob29sIFJ1bWJsZQ==|1
VHN1YmFzYSBDaHJvbmljbGU=|RnVsbCBNb29uIHdvIFNhZ2FzaGl0ZQ==|1
VHN1YmFzYSBDaHJvbmljbGU=|RmF0ZS9aZXJv|2
VHN1YmFzYSBDaHJvbmljbGU=|R2luZ2EgVGV0c3Vkb3UgOTk5|2
VHN1YmFzYSBDaHJvbmljbGU=|U3dvcmQgQXJ0IE9ubGluZQ==|2
VHN1YmFzYSBDaHJvbmljbGU=|RnVsbG1ldGFsIEFsY2hlbWlzdA==|2
VHN1YmFzYSBDaHJvbmljbGU=|Q29kZSBHZWFzczogSGFuZ3lha3Ugbm8gTGVsb3VjaA==|2
Q29ycHNlIFBhcnR5OiBNaXNzaW5nIEZvb3RhZ2U=|QW5vdGhlcg==|2
TWFpc29uIElra29rdQ==|VG91Y2g=|2
Q2FyZGNhcHRvciBTYWt1cmE=|S2Fub24gKDIwMDYp|1
Q2FyZGNhcHRvciBTYWt1cmE=|RGVhdGggTm90ZQ==|2
Q2FyZGNhcHRvciBTYWt1cmE=|RnVsbCBNb29uIHdvIFNhZ2FzaGl0ZQ==|1
Q2FyZGNhcHRvciBTYWt1cmE=|Q2xhbm5hZA==|1
Q2FyZGNhcHRvciBTYWt1cmE=|Q29kZSBHZWFzczogSGFuZ3lha3Ugbm8gTGVsb3VjaA==|2
U2hpa2k=|RHVyYXJhcmEhIQ==|1
U2hpa2k=|RGVhdGggTm90ZQ==|1
U2hpa2k=|QW5nZWwgQmVhdHMh|1
U2hpa2k=|RnVsbG1ldGFsIEFsY2hlbWlzdDogQnJvdGhlcmhvb2Q=|1
U2hpa2k=|WW91am8gU2Vua2k=|1
U2hpa2k=|Q29ycHNlIFBhcnR5OiBUb3J0dXJlZCBTb3VscyAtIEJvdWd5YWt1c2FyZXRhIFRhbWFzaGlpIG5vIEp1a3lvdQ==|1
U2hpa2k=|Q29kZSBHZWFzczogSGFuZ3lha3Ugbm8gTGVsb3VjaA==|1
U2hpa2k=|QW5vdGhlcg==|1
U2hpa2k=|VG9reW8gR2hvdWwg4oiaQQ==|1
U2hpa2k=|TW9uc3Rlcg==|1
U2hpa2k=|TmVvbiBHZW5lc2lzIEV2YW5nZWxpb246IFRoZSBFbmQgb2YgRXZhbmdlbGlvbg==|2
U2hpa2k=|QmFrZW1vbm9nYXRhcmk=|1
U2hpa2k=|SGlndXJhc2hpIG5vIE5ha3UgS29ybyBuaSBLYWk=|1
U2hpa2k=|S2VucHV1IERlbmtpIEJlcnNlcms=|1
U2hpa2k=|WWFrdXNva3Ugbm8gTmV2ZXJsYW5k|1
U2hpa2k=|QmFjY2FubyE=|1
U2hpa2k=|TW9ub25va2U=|1
U2hpa2k=|S2FyYSBubyBLeW91a2FpIDE6IEZ1a2FuIEZ1dWtlaQ==|1
U2hpa2k=|QWppbg==|1
U2hpa2k=|VG9reW8gR2hvdWw=|1
U2hpa2k=|RmF0ZS9aZXJv|1
U2hpa2k=|RWxmZW4gTGllZA==|1
U2hpa2k=|S2ltZXRzdSBubyBZYWliYQ==|1
U2hpa2k=|S2FrZWd1cnVp|1
R3JhbmJlbG0=|UmU6WmVybyBrYXJhIEhhamltZXJ1IElzZWthaSBTZWlrYXRzdQ==|2
R3JhbmJlbG0=|TWFob3UgU2hvdWpvIE1hZG9rYeKYhU1hZ2ljYSBNb3ZpZSAzOiBIYW5neWFrdSBubyBNb25vZ2F0YXJp|2
R3JhbmJlbG0=|TWFob3UgU2hvdWpvIE1hZG9rYeKYhU1hZ2ljYQ==|2
SW5ub2NlbmNl|S2FyYSBubyBLeW91a2FpIDE6IEZ1a2FuIEZ1dWtlaQ==|2
SW5ub2NlbmNl|S2FyYSBubyBLeW91a2FpIDU6IE11anVuIFJhc2Vu|2
SW5ub2NlbmNl|UHN5Y2hvLVBhc3M=|2
WW9ydSB3YSBNaWppa2FzaGkgQXJ1a2V5byBPdG9tZQ==|VWNob3V0ZW4gS2F6b2t1|1
WW9ydSB3YSBNaWppa2FzaGkgQXJ1a2V5byBPdG9tZQ==|VWNob3V0ZW4gS2F6b2t1IDI=|1
RnVyaWtv|SG90YXJ1Ymkgbm8gTW9yaSBl|2
RnVyaWtv|WW9qb3VoYW4gU2hpbndhIFRhaWtlaQ==|2
RnVyaWtv|QW5nZWwgQmVhdHMh|2
RnVyaWtv|Q2xhbm5hZDogQWZ0ZXIgU3Rvcnk=|2
QWxwcyBubyBTaG91am8gSGVpZGkgKDE5Nzkp|S2FyaWd1cmFzaGkgbm8gQXJyaWV0dHk=|2
RWxmZW4gTGllZA==|VGVycmEgZS4uLiAoVFYp|2
TGFzdCBFeGlsZQ==|VGVycmEgZS4uLiAoVFYp|2
QWppbg==|VGVycmEgZS4uLiAoVFYp|1
QmxhZGUgUnVubmVyOiBCbGFjayBPdXQgMjAyMg==|RXJnbyBQcm94eQ==|1
QmFieWxvbg==|SGlnYXNoaSBubyBFZGVu|2
QmVhc3RhcnM=|VGVuc2VpIHNoaXRhcmEgU2xpbWUgRGF0dGEgS2Vu|1
QmFieWxvbg==|Q29kZSBHZWFzczogSGFuZ3lha3Ugbm8gTGVsb3VjaA==|2
Q29kZSBHZWFzczogSGFuZ3lha3Ugbm8gTGVsb3VjaA==|WW91a29zbyBKaXRzdXJ5b2t1IFNoaWpvdSBTaHVnaSBubyBLeW91c2hpdHN1IGUgKFRWKQ==|1
T3RvbWUgR2FtZSBubyBIYW1ldHN1IEZsYWcgc2hpa2EgTmFpIEFrdXlha3UgUmVpam91IG5pIFRlbnNlaSBzaGl0ZXNoaW1hdHRhLi4u|T3VyYW4gS291a291IEhvc3QgQ2x1Yg==|2
QmFieWxvbg==|RGVhdGggTm90ZQ==|2
T3RvbWUgR2FtZSBubyBIYW1ldHN1IEZsYWcgc2hpa2EgTmFpIEFrdXlha3UgUmVpam91IG5pIFRlbnNlaSBzaGl0ZXNoaW1hdHRhLi4u|VGVuc2VpIHNoaXRhcmEgU2xpbWUgRGF0dGEgS2Vu|1
S2FyZXNoaSBLYW5vam8gbm8gSmlqb3U=|VG9yYWRvcmEh|2
QmxhY2sgSmFjaw==|RnVsbG1ldGFsIEFsY2hlbWlzdDogQnJvdGhlcmhvb2Q=|2
S2FyZXNoaSBLYW5vam8gbm8gSmlqb3U=|TWFzYW11bmUta3VuIG5vIFJldmVuZ2U=|1
R3JlYXQgVGVhY2hlciBPbml6dWth|SHlvdWdlIE1vbm8=|2
TmV0LWp1dSBubyBTdXN1bWU=|T3RvbWUgR2FtZSBubyBIYW1ldHN1IEZsYWcgc2hpa2EgTmFpIEFrdXlha3UgUmVpam91IG5pIFRlbnNlaSBzaGl0ZXNoaW1hdHRhLi4u|2
RnJ1aXRzIEJhc2tldCAxc3QgU2Vhc29u|T3RvbWUgR2FtZSBubyBIYW1ldHN1IEZsYWcgc2hpa2EgTmFpIEFrdXlha3UgUmVpam91IG5pIFRlbnNlaSBzaGl0ZXNoaW1hdHRhLi4u|1
R2ludGFtYQ==|TWFob3VqaW4gR3VydWd1cnUgKDIwMTcp|1
QmFrZW1vbm9nYXRhcmk=|RmF0ZS9FeHRyYTogTGFzdCBFbmNvcmU=|1
T25lIE91dHM=|WW91a29zbyBKaXRzdXJ5b2t1IFNoaWpvdSBTaHVnaSBubyBLeW91c2hpdHN1IGUgKFRWKQ==|2
QmxhY2sgSmFjaw==|TXVzaGlzaGk=|2
TGV2ZWwgRQ==|VG8gTE9WRS1SdQ==|1
My1nYXRzdSBubyBMaW9u|WWFnYXRlIEtpbWkgbmkgTmFydQ==|1
SnV1bmkgS29rdWtp|VGVycmEgZS4uLiAoVFYp|1
QmVhc3RhcnM=|S3V6dSBubyBIb25rYWk=|1
S2FrZWd1cnVp|WW91a29zbyBKaXRzdXJ5b2t1IFNoaWpvdSBTaHVnaSBubyBLeW91c2hpdHN1IGUgKFRWKQ==|2
UmVMSUZF|WW91a29zbyBKaXRzdXJ5b2t1IFNoaWpvdSBTaHVnaSBubyBLeW91c2hpdHN1IGUgKFRWKQ==|2
S3V6dSBubyBIb25rYWk=|WWFnYXRlIEtpbWkgbmkgTmFydQ==|2
My1nYXRzdSBubyBMaW9u|QmVhc3RhcnM=|1
U2Vpc2h1biBCdXRhIFlhcm91IHdhIEJ1bm55IEdpcmwgU2VucGFpIG5vIFl1bWUgd28gTWluYWk=|WW91a29zbyBKaXRzdXJ5b2t1IFNoaWpvdSBTaHVnaSBubyBLeW91c2hpdHN1IGUgKFRWKQ==|1
QmVhc3RhcnM=|VGhlcmUgU2hlIElzISE=|2
VGVuZ2VuIFRvcHBhIEd1cnJlbiBMYWdhbm4=|VGVycmEgZS4uLiAoVFYp|2
QWd1dTogVGVuc2FpIE5pbmd5b3U=|S2FyYWt1cmkgQ2lyY3VzIChUVik=|2
RHVtYmJlbGwgTmFuIEtpbG8gTW90ZXJ1Pw==|Wm9tYmllbGFuZCBTYWdh|2
SHlvdWth|WW91a29zbyBKaXRzdXJ5b2t1IFNoaWpvdSBTaHVnaSBubyBLeW91c2hpdHN1IGUgKFRWKQ==|1
SGlkYW1hcmkgbm8gS2k=|U2FyYWl5YSBHb3lvdQ==|1
ZWY6IEEgVGFsZSBvZiBNZW1vcmllcy4=|S2FyZXNoaSBLYW5vam8gbm8gSmlqb3U=|2
QmxhY2sgSmFjaw==|S2lubyBubyBUYWJpOiBUaGUgQmVhdXRpZnVsIFdvcmxk|2
S2FyZXNoaSBLYW5vam8gbm8gSmlqb3U=|UnVyb3VuaSBLZW5zaGluOiBNZWlqaSBLZW5rYWt1IFJvbWFudGFu|1
QWxwcyBubyBTaG91am8gSGVpZGkgKDE5Nzkp|U2VuIHRvIENoaWhpcm8gbm8gS2FtaWtha3VzaGk=|2
S2FyZXNoaSBLYW5vam8gbm8gSmlqb3U=|U2tpcCBCZWF0IQ==|2
QmFieWxvbg==|TW9uc3Rlcg==|2
VG9yYWRvcmEh|WWFnYXRlIEtpbWkgbmkgTmFydQ==|1
TW9iaWxlIFN1aXQgR3VuZGFtIDAwIFNlY29uZCBTZWFzb24=|VGVycmEgZS4uLiAoVFYp|2
S2FyZXNoaSBLYW5vam8gbm8gSmlqb3U=|Tm9kYW1lIENhbnRhYmlsZQ==|2
RmF0ZS9FeHRyYTogTGFzdCBFbmNvcmU=|TWFob3UgU2hvdWpvIE1hZG9rYeKYhU1hZ2ljYQ==|2
TW9iaWxlIFN1aXQgR3VuZGFtIFRodW5kZXJib2x0OiBEZWNlbWJlciBTa3k=|UmVkbGluZQ==|2
SXRhaSBubyB3YSBJeWEgbmFubyBkZSBCb3VneW9yeW9rdSBuaSBLeW9rdWZ1cmkgU2hpdGFpIHRvIE9tb2ltYXN1Lg==|T3RvbWUgR2FtZSBubyBIYW1ldHN1IEZsYWcgc2hpa2EgTmFpIEFrdXlha3UgUmVpam91IG5pIFRlbnNlaSBzaGl0ZXNoaW1hdHRhLi4u|2
QmVhc3RhcnM=|S29lIG5vIEthdGFjaGk=|1
VGVycmEgZS4uLiAoVFYp|VWNodXUgU2Vua2FuIFlhbWF0byAyMTk5|2
SG9uenVraSBubyBHZWtva3Vqb3U6IFNoaXNobyBuaSBOYXJ1IFRhbWUgbmkgd2EgU2h1ZGFuIHdvIEVyYW5kZWlyYXJlbWFzZW4=|T3RvbWUgR2FtZSBubyBIYW1ldHN1IEZsYWcgc2hpa2EgTmFpIEFrdXlha3UgUmVpam91IG5pIFRlbnNlaSBzaGl0ZXNoaW1hdHRhLi4u|1
U2Vpa2FpIG5vIFNlbmtp|VGVycmEgZS4uLiAoVFYp|1
S2FyZXNoaSBLYW5vam8gbm8gSmlqb3U=|T3VyYW4gS291a291IEhvc3QgQ2x1Yg==|2
U2Vpc2h1biBCdXRhIFlhcm91IHdhIEJ1bm55IEdpcmwgU2VucGFpIG5vIFl1bWUgd28gTWluYWk=|WWFnYXRlIEtpbWkgbmkgTmFydQ==|1
Tm8gR2FtZSBObyBMaWZl|WW91a29zbyBKaXRzdXJ5b2t1IFNoaWpvdSBTaHVnaSBubyBLeW91c2hpdHN1IGUgKFRWKQ==|2
QmFieWxvbg==|S3ViaWtpcmkgQ3ljbGU6IEFvaXJvIFNhdmFudCB0byBaYXJlZ290b3RzdWthaQ==|2
SGFjaGltaXRzdSB0byBDbG92ZXI=|S2FyZXNoaSBLYW5vam8gbm8gSmlqb3U=|2
QmVhc3RhcnM=|TW9uc3Rlcg==|2
QmFrZW1vbm9nYXRhcmk=|VG8gTE9WRS1SdQ==|1
QmVhc3RhcnM=|TWFob3UgU2hvdWpvIE1hZG9rYeKYhU1hZ2ljYQ==|2
QmVhc3RhcnM=|RG9yb2hlZG9ybw==|1
QmFieWxvbg==|SWQ6SW52YWRlZA==|2
UmlrZWkgZ2EgS29pIG5pIE9jaGl0YSBubyBkZSBTaG91bWVpIHNoaXRlbWl0YS4=|V290YWt1IG5pIEtvaSB3YSBNdXp1a2FzaGlp|2
RHVtYmJlbGwgTmFuIEtpbG8gTW90ZXJ1Pw==|SGF0YXJha3UgU2FpYm91IChUVik=|2
S2ltaSBubyBOYSB3YS4=|WWFnYXRlIEtpbWkgbmkgTmFydQ==|1
UHN5Y2hvLVBhc3M=|VGVycmEgZS4uLiAoVFYp|1
QmFieWxvbg==|UHN5Y2hvLVBhc3M=|2
QmFieWxvbg==|UHN5Y2hvLVBhc3MgMg==|2
RHVtYmJlbGwgTmFuIEtpbG8gTW90ZXJ1Pw==|T3Nha2Ugd2EgRnV1ZnUgbmkgTmF0dGUga2FyYQ==|2
U2Nob29sIFJ1bWJsZQ==|VG8gTE9WRS1SdQ==|1
QmxhY2sgSmFjaw==|RnVsbG1ldGFsIEFsY2hlbWlzdA==|2
QmVhc3RhcnM=|U29tYWxpIHRvIE1vcmkgbm8gS2FtaXNhbWE=|1
RGVhdGggTm90ZQ==|WW91a29zbyBKaXRzdXJ5b2t1IFNoaWpvdSBTaHVnaSBubyBLeW91c2hpdHN1IGUgKFRWKQ==|1
S2FyZXNoaSBLYW5vam8gbm8gSmlqb3U=|UmVMSUZF|1
S2FyZXNoaSBLYW5vam8gbm8gSmlqb3U=|WW9qb3VoYW4gU2hpbndhIFRhaWtlaQ==|2
QW5vdGhlcg==|QmFieWxvbg==|1
RmF0ZS9FeHRyYTogTGFzdCBFbmNvcmU=|U2VyaWFsIEV4cGVyaW1lbnRzIExhaW4=|2
RmF0ZS9FeHRyYTogTGFzdCBFbmNvcmU=|TW9ub2dhdGFyaSBTZXJpZXM6IFNlY29uZCBTZWFzb24=|2
QmVhc3RhcnM=|VG9reW8gR2hvdWw=|1
Q29kZSBHZWFzczogSGFuZ3lha3Ugbm8gTGVsb3VjaA==|VGVycmEgZS4uLiAoVFYp|1
QmVhc3RhcnM=|T29rYW1pIEtvZG9tbyBubyBBbWUgdG8gWXVraQ==|2
TGl6IHRvIEFvaSBUb3Jp|WWFnYXRlIEtpbWkgbmkgTmFydQ==|1
S2FyZXNoaSBLYW5vam8gbm8gSmlqb3U=|TmF0c3VtZSBZdXVqaW5jaG91|2
SHlvdWdlIE1vbm8=|U2hvdXdhIEdlbnJva3UgUmFrdWdvIFNoaW5qdXU=|2
U2hpZ2F0c3Ugd2EgS2ltaSBubyBVc28=|WW91a29zbyBKaXRzdXJ5b2t1IFNoaWpvdSBTaHVnaSBubyBLeW91c2hpdHN1IGUgKFRWKQ==|2
QmVhc3RhcnM=|SG91c2VraSBubyBLdW5pIChUVik=|2
Q2xhbm5hZA==|S2FyZXNoaSBLYW5vam8gbm8gSmlqb3U=|2
RmF0ZS9FeHRyYTogTGFzdCBFbmNvcmU=|U2hvdWpvIFNodXVtYXRzdSBSeW9rb3U=|2
S2lzZWlqdXU6IFNlaSBubyBLYWt1cml0c3U=|VGVycmEgZS4uLiAoVFYp|1
QmVhc3RhcnM=|UGluZyBQb25nIHRoZSBBbmltYXRpb24=|2
S2FyZXNoaSBLYW5vam8gbm8gSmlqb3U=|VXNhZ2kgRHJvcA==|2
U2hva3VnZWtpIG5vIFNvdW1h|WW91a29zbyBKaXRzdXJ5b2t1IFNoaWpvdSBTaHVnaSBubyBLeW91c2hpdHN1IGUgKFRWKQ==|2
QmFieWxvbg==|U2Vpa2Fpc3VydSBLYWRv|2
QmxhY2sgSmFjaw==|TW9uc3Rlcg==|2
TWFob3VrYSBLb3Vrb3Ugbm8gUmV0dG91c2Vp|WW91a29zbyBKaXRzdXJ5b2t1IFNoaWpvdSBTaHVnaSBubyBLeW91c2hpdHN1IGUgKFRWKQ==|2
SHlvdWdlIE1vbm8=|U2FyYWl5YSBHb3lvdQ==|1
SW51eWFzaGlraQ==|VGVycmEgZS4uLiAoVFYp|1
U2Vpa2FpIG5vIE1vbnNob3U=|VGVycmEgZS4uLiAoVFYp|1
S2FyZXNoaSBLYW5vam8gbm8gSmlqb3U=|S2ltaSBuaSBUb2Rva2U=|1
QmxhY2sgSmFjaw==|RGVhdGggTm90ZQ==|1
QmVhc3RhcnM=|T21hZSBVbWFzb3UgZGEgbmE=|1
QWxwcyBubyBTaG91am8gSGVpZGkgKDE5Nzkp|T29rYW1pIEtvZG9tbyBubyBBbWUgdG8gWXVraQ==|2
VHN1a2kgZ2EgS2lyZWk=|WWFnYXRlIEtpbWkgbmkgTmFydQ==|1
RkxDTA==|S2FyZXNoaSBLYW5vam8gbm8gSmlqb3U=|2
S2lzaHVrdSBHYWtrb3Ugbm8gSnVsaWV0|TWVpdGFudGVpIEhvbG1lcw==|2
SHlvdWdlIE1vbm8=|VG8gTE9WRS1SdQ==|1
QmlzaG91am8gU2Vuc2hpIFNhaWxvciBNb29uIE1lbW9yaWFs|R290Y2hhIQ==|1
Tmkgbm8gS3VuaQ==|WW91a29zbyBKaXRzdXJ5b2t1IFNoaWpvdSBTaHVnaSBubyBLeW91c2hpdHN1IGUgKFRWKQ==|2
SGliaWtlISBFdXBob25pdW0gTW92aWUgMTogS2l0YXVqaSBLb3Vrb3UgU3Vpc291Z2FrdS1idSBlIFlvdWtvc28=|TWFob3VqaW4gR3VydWd1cnUgKDIwMTcp|1
QmFieWxvbg==|QmxhY2sgSmFjaw==|2
QmFieWxvbg==|S2FyZXNoaSBLYW5vam8gbm8gSmlqb3U=|2
Q2l0eSBIdW50ZXIgTW92aWU6IFNoaW5qdWt1IFByaXZhdGUgRXllcw==|WWFnYXRlIEtpbWkgbmkgTmFydQ==|2
QmVhc3RhcnM=|RHVtYmJlbGwgTmFuIEtpbG8gTW90ZXJ1Pw==|1
SGVudGF0c3UgKFRWKQ==|QmFieWxvbg==|1
QWd1dTogVGVuc2FpIE5pbmd5b3U=|U2hpbnlhISBUZW5zYWkgQmFrYWJvbg==|2
QWxwcyBubyBTaG91am8gSGVpZGkgKDE5Nzkp|UmlrZWkgZ2EgS29pIG5pIE9jaGl0YSBubyBkZSBTaG91bWVpIHNoaXRlbWl0YS4=|1
SXlhIG5hIEthbyBzYXJlIG5hZ2FyYSBPcGFudHN1IE1pc2V0ZSBNb3JhaXRhaQ==|TWVpdGFudGVpIEhvbG1lcw==|2
T3RvdXNhbiB3YSBBaSBubyBIaXRv|U3RhcuKYhlR3aW5rbGUgUHJlY3VyZQ==|2
QW5nb2xtb2lzOiBHZW5rb3UgS2Fzc2Vua2k=|UGlnOiBPa2Egbm8gVWUgbm8gRGFtIEtlZXBlcg==|1
QXJlYSA4OA==|VGVycmEgZS4uLiAoVFYp|2
VGVycmEgZS4uLiAoVFYp|UmlrZWkgZ2EgS29pIG5pIE9jaGl0YSBubyBkZSBTaG91bWVpIHNoaXRlbWl0YS4=|1
TWVpdGFudGVpIEhvbG1lcw==|VGFpeW91IG5vIEtvIEVzdGViYW4=|2
Qm9rdXRhY2hpIHdhIEJlbmt5b3UgZ2EgRGVraW5haQ==|T3RvbWUgR2FtZSBubyBIYW1ldHN1IEZsYWcgc2hpa2EgTmFpIEFrdXlha3UgUmVpam91IG5pIFRlbnNlaSBzaGl0ZXNoaW1hdHRhLi4u|2
QWxwcyBubyBTaG91am8gSGVpZGkgKDE5Nzkp|R29uZ2l0c3VuZQ==|2
S2FyZXNoaSBLYW5vam8gbm8gSmlqb3U=|QmVhc3RhcnM=|2
S2FyZXNoaSBLYW5vam8gbm8gSmlqb3U=|WWFrdXNva3Ugbm8gTmFuYXlhIE1hdHN1cmk=|1
QXNoaXRhIG5vIEpvZSAoTW92aWUp|QmFieWxvbg==|1
WW91a29zbyBKaXRzdXJ5b2t1IFNoaWpvdSBTaHVnaSBubyBLeW91c2hpdHN1IGUgKFRWKQ==|U3RhcuKYhlR3aW5rbGUgUHJlY3VyZQ==|1
SGlkYW1hcmkgbm8gS2k=|TW9iaWxlIFN1aXQgR3VuZGFtIFRodW5kZXJib2x0OiBEZWNlbWJlciBTa3k=|1
SGliaWtlISBFdXBob25pdW06IEtha2VkYXN1IE1vbmFrYQ==|U2hpbmdla2kgbm8gS3lvamluOiBLdWluYWtpIFNlbnRha3U=|2
QmVhc3RhcnM=|RmF0ZS9FeHRyYTogTGFzdCBFbmNvcmU=|1
T3RvbWUgR2FtZSBubyBIYW1ldHN1IEZsYWcgc2hpa2EgTmFpIEFrdXlha3UgUmVpam91IG5pIFRlbnNlaSBzaGl0ZXNoaW1hdHRhLi4u|UGluZ3UgaW4gdGhlIENpdHk=|1
U2VrYWkgTWVpc2FrdSBEb3V3YTogTW9yaSB3YSBJa2l0ZWlydQ==|U2VsZWN0b3IgRGVzdHJ1Y3RlZCBXSVhPU1MgTW92aWU=|1
RmxhZyBEaXJlY3RvcidzIEVkaXRpb246IElzc2VubWFuIG5vIEt1ZnVyYSBubyBLaXJva3U=|Tmkgbm8gS3VuaQ==|1
RHVtYmJlbGwgTmFuIEtpbG8gTW90ZXJ1Pw==|SHlvdWdlIE1vbm8=|2
U2hpbnlhISBUZW5zYWkgQmFrYWJvbg==|UmlrZWkgZ2EgS29pIG5pIE9jaGl0YSBubyBkZSBTaG91bWVpIHNoaXRlbWl0YS4=|1
TWFob3VqaW4gR3VydWd1cnUgKDIwMTcp|SXlhIG5hIEthbyBzYXJlIG5hZ2FyYSBPcGFudHN1IE1pc2V0ZSBNb3JhaXRhaQ==|1
TW9iaWxlIFN1aXQgR3VuZGFtIFRodW5kZXJib2x0OiBEZWNlbWJlciBTa3k=|U2hpbmdla2kgbm8gS3lvamluOiBMb3N0IEdpcmxz|2
SGliaWtlISBFdXBob25pdW0gTW92aWUgMTogS2l0YXVqaSBLb3Vrb3UgU3Vpc291Z2FrdS1idSBlIFlvdWtvc28=|VG8gTE9WRS1SdQ==|1
QmxhZGUgUnVubmVyOiBCbGFjayBPdXQgMjAyMg==|Q2l0eSBIdW50ZXIgTW92aWU6IFNoaW5qdWt1IFByaXZhdGUgRXllcw==|1
Q2hpYmkgTWFydWtvLWNoYW46IFdhdGFzaGkgbm8gU3VraSBuYSBVdGE=|WWFrdXNva3Ugbm8gTmFuYXlhIE1hdHN1cmk=|1
WWFrdXNva3Ugbm8gTmFuYXlhIE1hdHN1cmk=|SXlhIG5hIEthbyBzYXJlIG5hZ2FyYSBPcGFudHN1IE1pc2V0ZSBNb3JhaXRhaQ==|1
QmlzaG91am8gU2Vuc2hpIFNhaWxvciBNb29uIE1lbW9yaWFs|UGluZ3UgaW4gdGhlIENpdHk=|1
R290Y2hhIQ==|SGlkYW1hcmkgbm8gS2k=|2
Tmkgbm8gS3VuaQ==|U2VrYWkgTWVpc2FrdSBEb3V3YTogTW9yaSB3YSBJa2l0ZWlydQ==|2
QmVhc3RhcnM=|U2hpbmdla2kgbm8gS3lvamluOiBLdWluYWtpIFNlbnRha3U=|2
WWFnYXRlIEtpbWkgbmkgTmFydQ==|SGlkYW1hcmkgbm8gS2k=|2
T3RvdXNhbiB3YSBBaSBubyBIaXRv|VHN1a3Vtb2dhbWkgS2FzaGltYXN1|2
QWxwcyBubyBTaG91am8gSGVpZGkgKDE5Nzkp|SGVudGF0c3UgKFRWKQ==|1
SGVudGF0c3UgKFRWKQ==|TmF0c3VtZSBZdXVqaW5jaG91IFNhbg==|2
UmVkbGluZQ==|VGVuZ2VuIFRvcHBhIEd1cnJlbiBMYWdhbm4gTW92aWUgMTogR3VycmVuLWhlbg==|1
UmVkbGluZQ==|THVwaW4gdGhlIElJSXJkOiBKaWdlbiBEYWlzdWtlIG5vIEJvaHlvdQ==|2
UmVkbGluZQ==|T25lIFB1bmNoIE1hbg==|2
UmVkbGluZQ==|RkxDTA==|2
UmVkbGluZQ==|TWVnYWxvIEJveA==|2
UmVkbGluZQ==|VGVuZ2VuIFRvcHBhIEd1cnJlbiBMYWdhbm4=|1
UmVkbGluZQ==|Sm9KbyBubyBLaW15b3UgbmEgQm91a2VuIChUVik=|1
VmVyc2FpbGxlcyBubyBCYXJh|SG90YXJ1IG5vIEhha2E=|2
VmVyc2FpbGxlcyBubyBCYXJh|S2VucHV1IERlbmtpIEJlcnNlcms=|1
VmVyc2FpbGxlcyBubyBCYXJh|TGVzIE1pc8OpcmFibGVzOiBTaG91am8gQ29zZXR0ZQ==|1
VmVyc2FpbGxlcyBubyBCYXJh|SnV1bmkgS29rdWtp|2
U3RhcuKYhlR3aW5rbGUgUHJlY3VyZQ==|S291a3lvdXNoaWhlbiBFdXJla2EgU2V2ZW46IEtpbmt5dXUgVG9rdWJhbiBOYXZpZ2F0aW9uIHJheT1vdXQ=|2
S2FyYWt1cmkgQ2lyY3VzIChUVik=|S291a2FrdSBLaWRvdXRhaTogU3RhbmQgQWxvbmUgQ29tcGxleCAybmQgR0lH|2
S2FyYWt1cmkgQ2lyY3VzIChUVik=|S291a2FrdSBLaWRvdXRhaQ==|2
S2FyYWt1cmkgQ2lyY3VzIChUVik=|RnVsbG1ldGFsIEFsY2hlbWlzdA==|2
S2FyYWt1cmkgQ2lyY3VzIChUVik=|SHVudGVyIHggSHVudGVyICgyMDExKQ==|2
S2FyYWt1cmkgQ2lyY3VzIChUVik=|RnVsbG1ldGFsIEFsY2hlbWlzdDogQnJvdGhlcmhvb2Q=|2
Q293Ym95IEJlYm9wOiBUZW5nb2t1IG5vIFRvYmlyYQ==|UHN5Y2hvLVBhc3MgTW92aWU=|1
Q293Ym95IEJlYm9wOiBUZW5nb2t1IG5vIFRvYmlyYQ==|RnVsbCBNb29uIHdvIFNhZ2FzaGl0ZQ==|1
U3RlaW5zO0dhdGU6IEt5b3VrYWltZW5qb3Ugbm8gTWlzc2luZyBMaW5rIC0gRGl2aWRlIEJ5IFplcm8=|TWFob3UgU2hvdWpvIE1hZG9rYeKYhU1hZ2ljYSBNb3ZpZSAxOiBIYWppbWFyaSBubyBNb25vZ2F0YXJp|2
U2F5b25hcmEgWmV0c3Vib3UgU2Vuc2Vp|U3V6dW1peWEgSGFydWhpIG5vIFl1dXV0c3U=|1
U2F5b25hcmEgWmV0c3Vib3UgU2Vuc2Vp|S3VyYWdlaGltZQ==|2
U2F5b25hcmEgWmV0c3Vib3UgU2Vuc2Vp|QW9pIEJ1bmdha3UgU2VyaWVz|2
U2F5b25hcmEgWmV0c3Vib3UgU2Vuc2Vp|S3V1Y2h1dSBCdXJhbmtv|1
U2F5b25hcmEgWmV0c3Vib3UgU2Vuc2Vp|R2ludGFtYQ==|1
U2F5b25hcmEgWmV0c3Vib3UgU2Vuc2Vp|eHh4SE9MaUM=|2
U2F5b25hcmEgWmV0c3Vib3UgU2Vuc2Vp|TW9ub25va2U=|2
U2F5b25hcmEgWmV0c3Vib3UgU2Vuc2Vp|SGFuYW1vbm9nYXRhcmk=|2
U2F5b25hcmEgWmV0c3Vib3UgU2Vuc2Vp|My1nYXRzdSBubyBMaW9u|2
U2F5b25hcmEgWmV0c3Vib3UgU2Vuc2Vp|SmlucnVpIHdhIFN1aXRhaSBTaGltYXNoaXRh|2
U2F5b25hcmEgWmV0c3Vib3UgU2Vuc2Vp|TW9ub2dhdGFyaSBTZXJpZXM6IFNlY29uZCBTZWFzb24=|2
U2F5b25hcmEgWmV0c3Vib3UgU2Vuc2Vp|U2Nob29sIFJ1bWJsZQ==|1
U2F5b25hcmEgWmV0c3Vib3UgU2Vuc2Vp|TkhLIG5pIFlvdWtvc28h|1
U2F5b25hcmEgWmV0c3Vib3UgU2Vuc2Vp|TWFob3UgU2hvdWpvIE1hZG9rYeKYhU1hZ2ljYQ==|2
U2F5b25hcmEgWmV0c3Vib3UgU2Vuc2Vp|QmFrdW1hbi4=|2
U2F5b25hcmEgWmV0c3Vib3UgU2Vuc2Vp|TmlzZW1vbm9nYXRhcmk=|1
U2F5b25hcmEgWmV0c3Vib3UgU2Vuc2Vp|RkxDTA==|2
U2F5b25hcmEgWmV0c3Vib3UgU2Vuc2Vp|R3JlYXQgVGVhY2hlciBPbml6dWth|1
U2F5b25hcmEgWmV0c3Vib3UgU2Vuc2Vp|WW9qb3VoYW4gU2hpbndhIFRhaWtlaQ==|2
U2F5b25hcmEgWmV0c3Vib3UgU2Vuc2Vp|QmFrZW1vbm9nYXRhcmk=|2
SGFqaW1lIG5vIElwcG86IENoYW1waW9uIFJvYWQ=|TGl6IHRvIEFvaSBUb3Jp|2
TWFyeSB0byBNYWpvIG5vIEhhbmE=|TGl0dGxlIFdpdGNoIEFjYWRlbWlh|1
TWFyeSB0byBNYWpvIG5vIEhhbmE=|U2VuIHRvIENoaWhpcm8gbm8gS2FtaWtha3VzaGk=|2
TWFyeSB0byBNYWpvIG5vIEhhbmE=|TWlyYWkgU2hvdW5lbiBDb25hbg==|1
TWFyeSB0byBNYWpvIG5vIEhhbmE=|VG9uYXJpIG5vIFRvdG9ybw==|2
UHN5Y2hvLVBhc3M6IFNpbm5lcnMgb2YgdGhlIFN5c3RlbSBDYXNlLjIgLSBGaXJzdCBHdWFyZGlhbg==|R2ludGFtYSBNb3ZpZSAxOiBTaGlueWFrdSBCZW5pemFrdXJhLWhlbg==|1
U2FrYXNhbWEgbm8gUGF0ZW1h|S291a3lvdXNoaWhlbiBFdXJla2EgU2V2ZW4=|1
U2FrYXNhbWEgbm8gUGF0ZW1h|S3VqaXJhIG5vIEtvcmEgd2EgU2Fqb3UgbmkgVXRhdQ==|1
U2FrYXNhbWEgbm8gUGF0ZW1h|S2FyaWd1cmFzaGkgbm8gQXJyaWV0dHk=|2
U2FrYXNhbWEgbm8gUGF0ZW1h|S2F6ZSBubyBUYW5pIG5vIE5hdXNpY2HDpA==|2
U2FrYXNhbWEgbm8gUGF0ZW1h|Unl1dSBubyBIYWlzaGE=|2
U2FrYXNhbWEgbm8gUGF0ZW1h|TWFkZSBpbiBBYnlzcw==|2
U2FrYXNhbWEgbm8gUGF0ZW1h|VGVua2kgbm8gS28=|2
U2FrYXNhbWEgbm8gUGF0ZW1h|U2VuIHRvIENoaWhpcm8gbm8gS2FtaWtha3VzaGk=|2
U2FrYXNhbWEgbm8gUGF0ZW1h|S2ltaSBubyBOYSB3YS4=|2
U2Vpa2Fpc3VydSBLYWRv|Tm8gR2FtZSBObyBMaWZl|1
U2Vpa2Fpc3VydSBLYWRv|SWQ6SW52YWRlZA==|1
VGVuZ2VuIFRvcHBhIEd1cnJlbiBMYWdhbm4gTW92aWUgMTogR3VycmVuLWhlbg==|RXZhbmdlbGlvbjogMS4wIFlvdSBBcmUgKE5vdCkgQWxvbmU=|2
VGVuZ2VuIFRvcHBhIEd1cnJlbiBMYWdhbm4gTW92aWUgMTogR3VycmVuLWhlbg==|Sm9KbyBubyBLaW15b3UgbmEgQm91a2VuIChUVik=|1
VGVuZ2VuIFRvcHBhIEd1cnJlbiBMYWdhbm4gTW92aWUgMTogR3VycmVuLWhlbg==|T25lIFB1bmNoIE1hbg==|2
VGVuZ2VuIFRvcHBhIEd1cnJlbiBMYWdhbm4gTW92aWUgMjogTGFnYW5uLWhlbg==|U3VtbWVyIFdhcnM=|2
VGVuZ2VuIFRvcHBhIEd1cnJlbiBMYWdhbm4gTW92aWUgMjogTGFnYW5uLWhlbg==|TWFob3UgU2hvdWpvIEx5cmljYWwgTmFub2hhOiBUaGUgTW92aWUgMXN0|2
VGVuZ2VuIFRvcHBhIEd1cnJlbiBMYWdhbm4gTW92aWUgMjogTGFnYW5uLWhlbg==|TmVvbiBHZW5lc2lzIEV2YW5nZWxpb246IFRoZSBFbmQgb2YgRXZhbmdlbGlvbg==|2
SGVudGF0c3UgKFRWKQ==|RnVyaWtv|1
U3RhcuKYhlR3aW5rbGUgUHJlY3VyZQ==|R3JlYXQgVGVhY2hlciBPbml6dWth|2
UHN5Y2hvLVBhc3MgMg==|TW9uc3Rlcg==|2
UHN5Y2hvLVBhc3MgMg==|RGVhdGggTm90ZQ==|2
U3RlaW5zO0dhdGU6IEt5b3VrYWltZW5qb3Ugbm8gTWlzc2luZyBMaW5rIC0gRGl2aWRlIEJ5IFplcm8=|RmF0ZS9zdGF5IG5pZ2h0OiBVbmxpbWl0ZWQgQmxhZGUgV29ya3MgUHJvbG9ndWU=|1
VmVyc2FpbGxlcyBubyBCYXJh|S2F6ZSBnYSBUc3V5b2t1IEZ1aXRlaXJ1|1
VG9reW8gR29kZmF0aGVycw==|UGFwcmlrYQ==|1
VG9reW8gR29kZmF0aGVycw==|VXNhZ2kgRHJvcA==|2
VG9reW8gR29kZmF0aGVycw==|SGluYW1hdHN1cmk=|1
Unl1dSBubyBIYWlzaGE=|SG93bCBubyBVZ29rdSBTaGlybw==|1
S2FyYSBubyBLeW91a2FpOiBNaXJhaSBGdWt1aW4=|RmF0ZS9aZXJv|2
S2FyYSBubyBLeW91a2FpOiBNaXJhaSBGdWt1aW4=|VWNob3V0ZW4gS2F6b2t1|2
S29ubyBTZWthaSBubyBLYXRhc3VtaSBuaQ==|U2hvdXdhIEdlbnJva3UgUmFrdWdvIFNoaW5qdXU=|1
S29ubyBTZWthaSBubyBLYXRhc3VtaSBuaQ==|VG9reW8gTWFnbml0dWRlIDguMA==|1
S29ubyBTZWthaSBubyBLYXRhc3VtaSBuaQ==|SGFkYXNoaSBubyBHZW4=|1
S29ubyBTZWthaSBubyBLYXRhc3VtaSBuaQ==|S2Vtb25vIG5vIFNvdWphIEVyaW4=|1
S29ubyBTZWthaSBubyBLYXRhc3VtaSBuaQ==|U2hvdWpvIFNodXVtYXRzdSBSeW9rb3U=|1
S29ubyBTZWthaSBubyBLYXRhc3VtaSBuaQ==|U2VuIHRvIENoaWhpcm8gbm8gS2FtaWtha3VzaGk=|2
TWFob3UgU2hvdWpvIE1hZG9rYeKYhU1hZ2ljYSBNb3ZpZSAzOiBIYW5neWFrdSBubyBNb25vZ2F0YXJp|RXZhbmdlbGlvbjogMy4wIFlvdSBDYW4gKE5vdCkgUmVkbw==|1
TWFob3UgU2hvdWpvIE1hZG9rYeKYhU1hZ2ljYSBNb3ZpZSAzOiBIYW5neWFrdSBubyBNb25vZ2F0YXJp|U3V6dW1peWEgSGFydWhpIG5vIFNob3VzaGl0c3U=|1
TWFob3UgU2hvdWpvIE1hZG9rYeKYhU1hZ2ljYSBNb3ZpZSAzOiBIYW5neWFrdSBubyBNb25vZ2F0YXJp|U2VyaWFsIEV4cGVyaW1lbnRzIExhaW4=|1
TWFob3UgU2hvdWpvIE1hZG9rYeKYhU1hZ2ljYSBNb3ZpZSAzOiBIYW5neWFrdSBubyBNb25vZ2F0YXJp|RmF0ZS9zdGF5IG5pZ2h0OiBVbmxpbWl0ZWQgQmxhZGUgV29ya3MgMm5kIFNlYXNvbg==|1
TWFob3UgU2hvdWpvIE1hZG9rYeKYhU1hZ2ljYSBNb3ZpZSAzOiBIYW5neWFrdSBubyBNb25vZ2F0YXJp|S2FyYSBubyBLeW91a2FpIDU6IE11anVuIFJhc2Vu|1
TWFob3UgU2hvdWpvIE1hZG9rYeKYhU1hZ2ljYSBNb3ZpZSAzOiBIYW5neWFrdSBubyBNb25vZ2F0YXJp|S2l6dW1vbm9nYXRhcmkgSUlJOiBSZWlrZXRzdS1oZW4=|1
TWFob3UgU2hvdWpvIE1hZG9rYeKYhU1hZ2ljYSBNb3ZpZSAzOiBIYW5neWFrdSBubyBNb25vZ2F0YXJp|TmVvbiBHZW5lc2lzIEV2YW5nZWxpb246IFRoZSBFbmQgb2YgRXZhbmdlbGlvbg==|1
TWFob3UgU2hvdWpvIE1hZG9rYeKYhU1hZ2ljYSBNb3ZpZSAzOiBIYW5neWFrdSBubyBNb25vZ2F0YXJp|RmF0ZS9aZXJv|1
TWFob3UgU2hvdWpvIE1hZG9rYeKYhU1hZ2ljYSBNb3ZpZSAzOiBIYW5neWFrdSBubyBNb25vZ2F0YXJp|UGFwcmlrYQ==|1
TWVnYWxvIEJveA==|VGVuZ2VuIFRvcHBhIEd1cnJlbiBMYWdhbm4=|1
TWVnYWxvIEJveA==|SGFqaW1lIG5vIElwcG8=|2
SGFqaW1lIG5vIElwcG86IENoYW1waW9uIFJvYWQ=|TWlyYWkgU2hvdW5lbiBDb25hbg==|1
AN1|AN2|Score
U2hpbmdla2kgbm8gS3lvamluIFNlYXNvbiAz|U2hpbmdla2kgbm8gS3lvamluIFNlYXNvbiAzIFBhcnQgMg==|2
AN1|AN2|Score
R2luZ2EgRWl5dXUgRGVuc2V0c3U6IFdhZ2EgWXVrdSB3YSBIb3NoaSBubyBUYWlrYWk=|R2luZ2EgRWl5dXUgRGVuc2V0c3U6IEFyYXRhIE5hcnUgVGF0YWthaSBubyBPdmVydHVyZQ==|1
AN1|AN2|Score
TmVvbiBHZW5lc2lzIEV2YW5nZWxpb24=|TmVvbiBHZW5lc2lzIEV2YW5nZWxpb246IFRoZSBFbmQgb2YgRXZhbmdlbGlvbg==|1
AN1|AN2|Score
S291a2FrdSBLaWRvdXRhaTogU3RhbmQgQWxvbmUgQ29tcGxleA==|S291a2FrdSBLaWRvdXRhaTogU3RhbmQgQWxvbmUgQ29tcGxleCAybmQgR0lH|2
AN1|AN2|Score
U3RlaW5zO0dhdGU6IEt5b3VrYWltZW5qb3Ugbm8gTWlzc2luZyBMaW5rIC0gRGl2aWRlIEJ5IFplcm8=|U3RlaW5zO0dhdGU=|2
AN1|AN2|Score
QXp1bWFuZ2EgV2ViIERhaW9o|QXp1bWFuZ2EgRGFpb2g=|1
AN1|AN2|Score
R2luZ2EgRWl5dXUgRGVuc2V0c3U6IERpZSBOZXVlIFRoZXNlIC0gU2VpcmFuIDM=|R2luZ2EgRWl5dXUgRGVuc2V0c3U=|2
AN1|AN2|Score
R2luZ2EgRWl5dXUgRGVuc2V0c3U6IEFyYXRhIE5hcnUgVGF0YWthaSBubyBPdmVydHVyZQ==|R2luZ2EgRWl5dXUgRGVuc2V0c3U=|2
AN1|AN2|Score
R2luZ2EgRWl5dXUgRGVuc2V0c3UgR2FpZGVuICgxOTk5KQ==|R2luZ2EgRWl5dXUgRGVuc2V0c3U=|2
AN1|AN2|Score
U3RlaW5zO0dhdGU6IFNvdW1laSBFaWNoaSBubyBDb2duaXRpdmUgQ29tcHV0aW5n|U3RlaW5zO0dhdGU=|2
AN1|AN2|Score
R2luZ2EgRWl5dXUgRGVuc2V0c3UgR2FpZGVu|R2luZ2EgRWl5dXUgRGVuc2V0c3U=|2
AN1|AN2|Score
R2luZ2EgRWl5dXUgRGVuc2V0c3U6IERpZSBOZXVlIFRoZXNlIC0gU2VpcmFuIDI=|R2luZ2EgRWl5dXUgRGVuc2V0c3U=|2
AN1|AN2|Score
QXp1bWFuZ2EgRGFpb2g6IEdla2lqb3UgVGFucGVu|QXp1bWFuZ2EgRGFpb2g=|1
AN1|AN2|Score
TmVvbiBHZW5lc2lzIEV2YW5nZWxpb24=|RXZhbmdlbGlvbjogMy4wIFlvdSBDYW4gKE5vdCkgUmVkbw==|1
AN1|AN2|Score
R2luZ2EgRWl5dXUgRGVuc2V0c3U6IFdhZ2EgWXVrdSB3YSBIb3NoaSBubyBUYWlrYWk=|R2luZ2EgRWl5dXUgRGVuc2V0c3UgR2FpZGVuICgxOTk5KQ==|2
AN1|AN2|Score
R2luZ2EgRWl5dXUgRGVuc2V0c3U6IERpZSBOZXVlIFRoZXNlIC0gU2VpcmFuIDE=|R2luZ2EgRWl5dXUgRGVuc2V0c3U=|2
AN1|AN2|Score
S291a2FrdSBLaWRvdXRhaQ==|S291a2FrdSBLaWRvdXRhaTogU3RhbmQgQWxvbmUgQ29tcGxleA==|1
AN1|AN2|Score
TmljaGlqb3U=|TmljaGlqb3U6IE5pY2hpam91IG5vIDAtd2E=|1
AN1|AN2|Score
Q293Ym95IEJlYm9w|Q293Ym95IEJlYm9wOiBUZW5nb2t1IG5vIFRvYmlyYQ==|1
AN1|AN2|Score
RnVsbCBNZXRhbCBQYW5pYyE=|RnVsbCBNZXRhbCBQYW5pYz8gRnVtb2ZmdQ==|2
AN1|AN2|Score
TmVvbiBHZW5lc2lzIEV2YW5nZWxpb24=|RXZhbmdlbGlvbjogMi4wIFlvdSBDYW4gKE5vdCkgQWR2YW5jZQ==|1
AN1|AN2|Score
R2luZ2EgRWl5dXUgRGVuc2V0c3U6IFdhZ2EgWXVrdSB3YSBIb3NoaSBubyBUYWlrYWk=|R2luZ2EgRWl5dXUgRGVuc2V0c3UgR2FpZGVu|2
AN1|AN2|Score
RnVsbCBNZXRhbCBQYW5pYyE=|RnVsbCBNZXRhbCBQYW5pYyEgVGhlIFNlY29uZCBSYWlk|1
AN1|AN2|Score
U2hpbmdla2kgbm8gS3lvamluIFNlYXNvbiAy|U2hpbmdla2kgbm8gS3lvamluIFNlYXNvbiAz|2
AN1|AN2|Score
R2luZ2EgRWl5dXUgRGVuc2V0c3U6IERpZSBOZXVlIFRoZXNlIC0gS2Fpa291|R2luZ2EgRWl5dXUgRGVuc2V0c3U=|2
AN1|AN2|Score
U3RlaW5zO0dhdGU6IE91a291YmFra28gbm8gUG9yaW9tYW5pYQ==|U3RlaW5zO0dhdGU=|2
AN1|AN2|Score
RXZhbmdlbGlvbjogMS4wIFlvdSBBcmUgKE5vdCkgQWxvbmU=|TmVvbiBHZW5lc2lzIEV2YW5nZWxpb24=|2
AN1|AN2|Score
SGFpYmFuZSBSZW5tZWk=|U2VuIHRvIENoaWhpcm8gbm8gS2FtaWtha3VzaGk=|2
AN1|AN2|Score
Qm91bmVuIG5vIFhhbWRvdQ==|RGFya2VyIHRoYW4gQmxhY2s6IEt1cm8gbm8gS2VpeWFrdXNoYQ==|2
AN1|AN2|Score
U2VuIHRvIENoaWhpcm8gbm8gS2FtaWtha3VzaGk=|U2hpbnNla2FpIHlvcmk=|1
AN1|AN2|Score
QnlvdXNva3UgNSBDZW50aW1ldGVy|U2VubmVuIEpveXV1|2
AN1|AN2|Score
SGFuYXNha3UgSXJvaGE=|U3VtbWVyIFdhcnM=|2
AN1|AN2|Score
S3VqaXJhIG5vIEtvcmEgd2EgU2Fqb3UgbmkgVXRhdQ==|U2hpbnNla2FpIHlvcmk=|2
AN1|AN2|Score
QW5vIEhpIE1pdGEgSGFuYSBubyBOYW1hZSB3byBCb2t1dGFjaGkgd2EgTWFkYSBTaGlyYW5haS4=|RGVubm91IENvaWw=|2
AN1|AN2|Score
Qm91bmVuIG5vIFhhbWRvdQ==|TGFzdCBFeGlsZQ==|1
AN1|AN2|Score
TkhLIG5pIFlvdWtvc28h|UGxhbmV0ZXM=|1
AN1|AN2|Score
U29yYSB5b3JpIG1vIFRvb2kgQmFzaG8=|VGVua3V1IG5vIFNoaXJvIExhcHV0YQ==|2
AN1|AN2|Score
SG91c2VraSBubyBLdW5pIChUVik=|U29yYSB5b3JpIG1vIFRvb2kgQmFzaG8=|1
AN1|AN2|Score
S29ub2hhbmEgS2l0YW4=|U2hvdWpvIFNodXVtYXRzdSBSeW9rb3U=|2
AN1|AN2|Score
TW9uc3Rlcg==|U2hpbnNla2FpIHlvcmk=|1
AN1|AN2|Score
Qm91bmVuIG5vIFhhbWRvdQ==|TW9ub25va2UgSGltZQ==|2
AN1|AN2|Score
QmFyYWthbW9u|RGFuc2hpIEtvdWtvdXNlaSBubyBOaWNoaWpvdQ==|1
AN1|AN2|Score
SGFpYmFuZSBSZW5tZWk=|UGxhbmV0ZXM=|1
AN1|AN2|Score
Q2Fyb2xlICYgVHVlc2RheQ==|UGxhbmV0ZXM=|1
AN1|AN2|Score
TmVvbiBHZW5lc2lzIEV2YW5nZWxpb24=|UGxhbmV0ZXM=|1
AN1|AN2|Score
QmFuYW5hIEZpc2g=|Q2Fyb2xlICYgVHVlc2RheQ==|2
AN1|AN2|Score
SHVudGVyIHggSHVudGVy|VWNodXUgS3lvdWRhaQ==|1
AN1|AN2|Score
TmVvbiBHZW5lc2lzIEV2YW5nZWxpb24=|U2hpbnNla2FpIHlvcmk=|1
AN1|AN2|Score
SGFuYXNha3UgSXJvaGE=|T21vaWRlIFBvcm9wb3Jv|2
AN1|AN2|Score
S2ltaSBubyBOYSB3YS4=|U2hpbnNla2FpIHlvcmk=|1
AN1|AN2|Score
Qm91bmVuIG5vIFhhbWRvdQ==|S291a2FrdSBLaWRvdXRhaTogU3RhbmQgQWxvbmUgQ29tcGxleA==|2
AN1|AN2|Score
SGFpYmFuZSBSZW5tZWk=|U2hpbnNla2FpIHlvcmk=|2
AN1|AN2|Score
QWppbg==|U2hpbnNla2FpIHlvcmk=|2
AN1|AN2|Score
U2hpbnNla2FpIHlvcmk=|WWFrdXNva3Ugbm8gTmV2ZXJsYW5k|1
AN1|AN2|Score
Qm91bmVuIG5vIFhhbWRvdQ==|TmVvbiBHZW5lc2lzIEV2YW5nZWxpb24=|2
AN1|AN2|Score
Q2hpaGF5YWZ1cnU=|VWNodXUgS3lvdWRhaQ==|1
AN1|AN2|Score
R2luIG5vIFNhamk=|U2FrdXJhIFF1ZXN0|1
AN1|AN2|Score
SGlndXJhc2hpIG5vIE5ha3UgS29ybyBuaQ==|U2hpbnNla2FpIHlvcmk=|2
AN1|AN2|Score
QWthbmVzYXN1IFNob3Vqbw==|U3RlaW5zO0dhdGU=|2
AN1|AN2|Score
T25lIFBpZWNl|U2hpbnNla2FpIHlvcmk=|2
AN1|AN2|Score
QmFyYWthbW9u|SGFuYXNha3UgSXJvaGE=|1
AN1|AN2|Score
S2FuYXRhIG5vIEFzdHJh|T25lIFBpZWNl|1
AN1|AN2|Score
U2hpbnNla2FpIHlvcmk=|WW9qb3VoYW4gU2hpbndhIFRhaWtlaQ==|1
AN1|AN2|Score
Q2xhbm5hZA==|SGFuYXNha3UgSXJvaGE=|1
AN1|AN2|Score
RGVubm91IENvaWw=|RHVyYXJhcmEhIQ==|2
AN1|AN2|Score
U29yYSB5b3JpIG1vIFRvb2kgQmFzaG8=|VGVuZ2VuIFRvcHBhIEd1cnJlbiBMYWdhbm4=|1
AN1|AN2|Score
RGFuc2hpIEtvdWtvdXNlaSBubyBOaWNoaWpvdQ==|RGVucGEtdGVraSBuYSBLYW5vam8=|2
AN1|AN2|Score
T21vaWRlIFBvcm9wb3Jv|U2VubmVuIEpveXV1|1
AN1|AN2|Score
UGxhbmV0ZXM=|U3RlaW5zO0dhdGU=|2
AN1|AN2|Score
SGFuYXNha3UgSXJvaGE=|TWFpc29uIElra29rdQ==|2
AN1|AN2|Score
T3VyaXRzdSBVY2h1dWd1bjogSG9ubmVhbWlzZSBubyBUc3ViYXNh|UGxhbmV0ZXM=|1
AN1|AN2|Score
RGVubm91IENvaWw=|TWFob3UgU2hvdWpvIE1hZG9rYeKYhU1hZ2ljYQ==|2
AN1|AN2|Score
QmFrZW1vbm9nYXRhcmk=|U2hpbnNla2FpIHlvcmk=|2
AN1|AN2|Score
RkxDTA==|U2hpbnNla2FpIHlvcmk=|2
AN1|AN2|Score
QmFrdW1hbi4=|Q2Fyb2xlICYgVHVlc2RheQ==|2
AN1|AN2|Score
U2VyaWFsIEV4cGVyaW1lbnRzIExhaW4=|U2hpbnNla2FpIHlvcmk=|2
AN1|AN2|Score
Q2Fyb2xlICYgVHVlc2RheQ==|TWVnYWxvIEJveA==|2
AN1|AN2|Score
My1nYXRzdSBubyBMaW9u|U2FrdXJhIFF1ZXN0|1
AN1|AN2|Score
RGFuc2hpIEtvdWtvdXNlaSBubyBOaWNoaWpvdQ==|R2ludGFtYQ==|1
AN1|AN2|Score
Q2Fyb2xlICYgVHVlc2RheQ==|U2FrYW1pY2hpIG5vIEFwb2xsb24=|2
AN1|AN2|Score
RGVubm91IENvaWw=|RXZlIG5vIEppa2FuIChNb3ZpZSk=|1
AN1|AN2|Score
SGFuYXNha3UgSXJvaGE=|VG9yYWRvcmEh|2
AN1|AN2|Score
S29ubyBTZWthaSBubyBLYXRhc3VtaSBuaQ==|U2VubmVuIEpveXV1|1
AN1|AN2|Score
SG9uenVraSBubyBHZWtva3Vqb3U6IFNoaXNobyBuaSBOYXJ1IFRhbWUgbmkgd2EgU2h1ZGFuIHdvIEVyYW5kZWlyYXJlbWFzZW4=|U2hpbnNla2FpIHlvcmk=|2
AN1|AN2|Score
U2hpa2k=|U2hpbnNla2FpIHlvcmk=|1
AN1|AN2|Score
RWxmZW4gTGllZA==|U2hpbnNla2FpIHlvcmk=|2
AN1|AN2|Score
Q2xhbm5hZA==|U29yYSB5b3JpIG1vIFRvb2kgQmFzaG8=|2
AN1|AN2|Score
R2ludGFtYQ==|U2hpcm9iYWtv|2
AN1|AN2|Score
U2FrdXJhIFF1ZXN0|Wm9tYmllbGFuZCBTYWdh|1
AN1|AN2|Score
RGVubm91IENvaWw=|TWFkZSBpbiBBYnlzcw==|2
AN1|AN2|Score
U2hpbnNla2FpIHlvcmk=|U2h1dW1hdHN1IE5hbmkgU2hpdGVtYXN1IGthPyBJc29nYXNoaWkgRGVzdSBrYT8gU3VrdXR0ZSBNb3JhdHRlIElpIERlc3Uga2E/|1
AN1|AN2|Score
SGlzb25lIHRvIE1hc28tdGFu|S29iYXlhc2hpLXNhbiBDaGkgbm8gTWFpZCBEcmFnb24=|2
AN1|AN2|Score
Qm91bmVuIG5vIFhhbWRvdQ==|U2VpcmVpIG5vIE1vcmliaXRv|2
AN1|AN2|Score
UGFwcmlrYQ==|U2VubmVuIEpveXV1|2
AN1|AN2|Score
R3JlYXQgVGVhY2hlciBPbml6dWth|VWNodXUgS3lvdWRhaQ==|2
AN1|AN2|Score
RGVubm91IENvaWw=|UGxhbmV0ZXM=|1
AN1|AN2|Score
TkhLIG5pIFlvdWtvc28h|VWNodXUgS3lvdWRhaQ==|2
AN1|AN2|Score
U2FyYXphbm1haQ==|U2hpbnNla2FpIHlvcmk=|2
AN1|AN2|Score
TWFob3UgU2hvdWpvIE1hZG9rYeKYhU1hZ2ljYQ==|U2hpbnNla2FpIHlvcmk=|1
AN1|AN2|Score
RGVubm91IENvaWw=|S291a2FrdSBLaWRvdXRhaTogU3RhbmQgQWxvbmUgQ29tcGxleA==|2
AN1|AN2|Score
Qm91bmVuIG5vIFhhbWRvdQ==|U3RyYW5nZXI6IE11a291IEhhZGFu|2
AN1|AN2|Score
U2FrdXJhIFF1ZXN0|U29yYSB5b3JpIG1vIFRvb2kgQmFzaG8=|2
AN1|AN2|Score
Q2Fyb2xlICYgVHVlc2RheQ==|U29yYSB5b3JpIG1vIFRvb2kgQmFzaG8=|1
AN1|AN2|Score
Q3Jvc3MgR2FtZQ==|VWNodXUgS3lvdWRhaQ==|1
AN1|AN2|Score
U2hpbnNla2FpIHlvcmk=|U3RlaW5zO0dhdGU=|2
AN1|AN2|Score
Q2Fyb2xlICYgVHVlc2RheQ==|TmFuYQ==|1
AN1|AN2|Score
Tm8gR2FtZSBObyBMaWZl|U29yYSB5b3JpIG1vIFRvb2kgQmFzaG8=|2
AN1|AN2|Score
RGFuc2hpIEtvdWtvdXNlaSBubyBOaWNoaWpvdQ==|U2F5b25hcmEgWmV0c3Vib3UgU2Vuc2Vp|2
AN1|AN2|Score
U2FrYXNhbWEgbm8gUGF0ZW1h|U2hpbnNla2FpIHlvcmk=|2
AN1|AN2|Score
RGVubm91IENvaWw=|VG9uYXJpIG5vIFRvdG9ybw==|2
AN1|AN2|Score
UmVMSUZF|U2FrdXJhIFF1ZXN0|2
AN1|AN2|Score
U2hpbnNla2FpIHlvcmk=|U29tYWxpIHRvIE1vcmkgbm8gS2FtaXNhbWE=|1
AN1|AN2|Score
UGVuZ3VpbiBIaWdod2F5|SmlucnVpIHdhIFN1aXRhaSBTaGltYXNoaXRh|1
AN1|AN2|Score
UGVuZ3VpbiBIaWdod2F5|RkxDTA==|2
AN1|AN2|Score
UGVuZ3VpbiBIaWdod2F5|RGVubm91IENvaWw=|2
AN1|AN2|Score
UGVuZ3VpbiBIaWdod2F5|T21vaWRlIG5vIE1hcm5pZQ==|2
AN1|AN2|Score
U2h1dW1hdHN1IE5hbmkgU2hpdGVtYXN1IGthPyBJc29nYXNoaWkgRGVzdSBrYT8gU3VrdXR0ZSBNb3JhdHRlIElpIERlc3Uga2E/|S3VqaXJhIG5vIEtvcmEgd2EgU2Fqb3UgbmkgVXRhdQ==|1
AN1|AN2|Score
U2h1dW1hdHN1IE5hbmkgU2hpdGVtYXN1IGthPyBJc29nYXNoaWkgRGVzdSBrYT8gU3VrdXR0ZSBNb3JhdHRlIElpIERlc3Uga2E/|Um9rdWRlbmFzaGkgTWFqdXRzdSBLb3VzaGkgdG8gQWthc2hpYyBSZWNvcmRz|2
AN1|AN2|Score
U2h1dW1hdHN1IE5hbmkgU2hpdGVtYXN1IGthPyBJc29nYXNoaWkgRGVzdSBrYT8gU3VrdXR0ZSBNb3JhdHRlIElpIERlc3Uga2E/|VXNhZ2kgRHJvcA==|2
AN1|AN2|Score
U2h1dW1hdHN1IE5hbmkgU2hpdGVtYXN1IGthPyBJc29nYXNoaWkgRGVzdSBrYT8gU3VrdXR0ZSBNb3JhdHRlIElpIERlc3Uga2E/|SG93bCBubyBVZ29rdSBTaGlybw==|2
AN1|AN2|Score
U2h1dW1hdHN1IE5hbmkgU2hpdGVtYXN1IGthPyBJc29nYXNoaWkgRGVzdSBrYT8gU3VrdXR0ZSBNb3JhdHRlIElpIERlc3Uga2E/|WmVybyBrYXJhIEhhamltZXJ1IE1haG91IG5vIFNobw==|2
AN1|AN2|Score
U2h1dW1hdHN1IE5hbmkgU2hpdGVtYXN1IGthPyBJc29nYXNoaWkgRGVzdSBrYT8gU3VrdXR0ZSBNb3JhdHRlIElpIERlc3Uga2E/|R2luZ2EgRWl5dXUgRGVuc2V0c3U=|2
AN1|AN2|Score
U2h1dW1hdHN1IE5hbmkgU2hpdGVtYXN1IGthPyBJc29nYXNoaWkgRGVzdSBrYT8gU3VrdXR0ZSBNb3JhdHRlIElpIERlc3Uga2E/|SmlucnVpIHdhIFN1aXRhaSBTaGltYXNoaXRh|2
AN1|AN2|Score
U2h1dW1hdHN1IE5hbmkgU2hpdGVtYXN1IGthPyBJc29nYXNoaWkgRGVzdSBrYT8gU3VrdXR0ZSBNb3JhdHRlIElpIERlc3Uga2E/|UmU6WmVybyBrYXJhIEhhamltZXJ1IElzZWthaSBTZWlrYXRzdQ==|2
AN1|AN2|Score
U2h1dW1hdHN1IE5hbmkgU2hpdGVtYXN1IGthPyBJc29nYXNoaWkgRGVzdSBrYT8gU3VrdXR0ZSBNb3JhdHRlIElpIERlc3Uga2E/|TmVvbiBHZW5lc2lzIEV2YW5nZWxpb24=|2
AN1|AN2|Score
U2h1dW1hdHN1IE5hbmkgU2hpdGVtYXN1IGthPyBJc29nYXNoaWkgRGVzdSBrYT8gU3VrdXR0ZSBNb3JhdHRlIElpIERlc3Uga2E/|TWFob3UgU2hvdWpvIE1hZG9rYeKYhU1hZ2ljYQ==|2
AN1|AN2|Score
U2h1dW1hdHN1IE5hbmkgU2hpdGVtYXN1IGthPyBJc29nYXNoaWkgRGVzdSBrYT8gU3VrdXR0ZSBNb3JhdHRlIElpIERlc3Uga2E/|RGVtaS1jaGFuIHdhIEthdGFyaXRhaQ==|2
AN1|AN2|Score
U2h1dW1hdHN1IE5hbmkgU2hpdGVtYXN1IGthPyBJc29nYXNoaWkgRGVzdSBrYT8gU3VrdXR0ZSBNb3JhdHRlIElpIERlc3Uga2E/|U2F5b25hcmEgbm8gQXNhIG5pIFlha3Vzb2t1IG5vIEhhbmEgd28gS2F6YXJvdQ==|1
AN1|AN2|Score
SGFpYmFuZSBSZW5tZWk=|RXJnbyBQcm94eQ==|1
AN1|AN2|Score
SGFpYmFuZSBSZW5tZWk=|TWFqbyBubyBUYWtreXV1Ymlu|2
AN1|AN2|Score
SGFpYmFuZSBSZW5tZWk=|TXVzaGlzaGk=|2
AN1|AN2|Score
SGFpYmFuZSBSZW5tZWk=|SG91c2VraSBubyBLdW5pIChUVik=|2
AN1|AN2|Score
SGFpYmFuZSBSZW5tZWk=|QXp1bWFuZ2EgRGFpb2g=|1
AN1|AN2|Score
SGFpYmFuZSBSZW5tZWk=|Um9tZW8gbm8gQW9pIFNvcmE=|1
AN1|AN2|Score
SGFpYmFuZSBSZW5tZWk=|TWFob3UgU2hvdWpvIE1hZG9rYeKYhU1hZ2ljYQ==|2
AN1|AN2|Score
SGFpYmFuZSBSZW5tZWk=|QW5nZWwgQmVhdHMh|1
AN1|AN2|Score
SGFpYmFuZSBSZW5tZWk=|QW5vIEhpIE1pdGEgSGFuYSBubyBOYW1hZSB3byBCb2t1dGFjaGkgd2EgTWFkYSBTaGlyYW5haS4=|1
AN1|AN2|Score
SGFpYmFuZSBSZW5tZWk=|VHJpZ3Vu|1
AN1|AN2|Score
SGFpYmFuZSBSZW5tZWk=|Q2xhbm5hZDogQWZ0ZXIgU3Rvcnk=|1
AN1|AN2|Score
SGFpYmFuZSBSZW5tZWk=|S2Vtb25vIG5vIFNvdWphIEVyaW4=|1
AN1|AN2|Score
SGFpYmFuZSBSZW5tZWk=|U2FyYWl5YSBHb3lvdQ==|1
AN1|AN2|Score
SGFpYmFuZSBSZW5tZWk=|VG9reW8gR29kZmF0aGVycw==|2
AN1|AN2|Score
SGFpYmFuZSBSZW5tZWk=|U2hvdWpvIFNodXVtYXRzdSBSeW9rb3U=|2
AN1|AN2|Score
SGFpYmFuZSBSZW5tZWk=|VG9reW8gTWFnbml0dWRlIDguMA==|1
AN1|AN2|Score
SGFpYmFuZSBSZW5tZWk=|TmVvbiBHZW5lc2lzIEV2YW5nZWxpb24=|2
AN1|AN2|Score
SGFpYmFuZSBSZW5tZWk=|T29rYW1pIEtvZG9tbyBubyBBbWUgdG8gWXVraQ==|2
AN1|AN2|Score
SGFpYmFuZSBSZW5tZWk=|T29rYW1pIHRvIEtvdXNoaW5yeW91|2
AN1|AN2|Score
SGFpYmFuZSBSZW5tZWk=|SGFuYXNha3UgSXJvaGE=|1
AN1|AN2|Score
SGFpYmFuZSBSZW5tZWk=|U2VpcmVpIG5vIE1vcmliaXRv|2
AN1|AN2|Score
SGFpYmFuZSBSZW5tZWk=|Q29sb3JmdWwgKE1vdmllKQ==|1
AN1|AN2|Score
SGFpYmFuZSBSZW5tZWk=|U2VyaWFsIEV4cGVyaW1lbnRzIExhaW4=|1
AN1|AN2|Score
SGFpYmFuZSBSZW5tZWk=|VXNhZ2kgRHJvcA==|2
AN1|AN2|Score
SGFpYmFuZSBSZW5tZWk=|TWF3YXJ1IFBlbmd1aW5kcnVt|1
AN1|AN2|Score
SGFpYmFuZSBSZW5tZWk=|S2lubyBubyBUYWJpOiBUaGUgQmVhdXRpZnVsIFdvcmxk|2
AN1|AN2|Score
SGFpYmFuZSBSZW5tZWk=|TmF0c3VtZSBZdXVqaW5jaG91|2
AN1|AN2|Score
SGFpYmFuZSBSZW5tZWk=|RGVubm91IENvaWw=|2
AN1|AN2|Score
SGFpYmFuZSBSZW5tZWk=|TWFkZSBpbiBBYnlzcw==|2
AN1|AN2|Score
SGFqaW1lIG5vIElwcG86IENoYW1waW9uIFJvYWQ=|QmFjY2FubyEgU3BlY2lhbHM=|1
AN1|AN2|Score
SWQ6SW52YWRlZA==|TmVvbiBHZW5lc2lzIEV2YW5nZWxpb24=|2
AN1|AN2|Score
SWQ6SW52YWRlZA==|UGFwcmlrYQ==|2
AN1|AN2|Score
SWQ6SW52YWRlZA==|S291a2FrdSBLaWRvdXRhaTogU3RhbmQgQWxvbmUgQ29tcGxleA==|2
AN1|AN2|Score
SWQ6SW52YWRlZA==|U2hpbnNla2FpIHlvcmk=|2
AN1|AN2|Score
SWQ6SW52YWRlZA==|RGVhdGggTm90ZQ==|2
AN1|AN2|Score
UHN5Y2hvLVBhc3M6IFNpbm5lcnMgb2YgdGhlIFN5c3RlbSBDYXNlLjIgLSBGaXJzdCBHdWFyZGlhbg==|SGFqaW1lIG5vIElwcG86IE1hc2hpYmEgdnMuIEtpbXVyYQ==|1
